,Athens,Berlin,Paris,Rome,London,Hanoi,Rio de Janeiro,Lisbon,Tokyo,Seoul,Bangkok,Minsk,Warsaw,Cape Town,Dublin
2021-12-11 07:00:00+01:00,16.1,-3.1,5.0,5.0,,,,,,,,,,,
2021-12-11 06:00:00+01:00,16.1,-3.1,4.3,5.7,,,,,,,,,,,
2021-12-11 05:00:00+01:00,15.0,-2.5,4.4,5.9,,,,,,,,,,,
2021-12-11 04:00:00+01:00,13.9,-2.1,4.5,6.4,,,,,,,,,,,
2021-12-11 03:00:00+01:00,12.2,-2.1,4.6,6.9,,,,,,,,,,,
2021-12-11 02:00:00+01:00,11.1,-1.8,5.8,6.2,,,,,,,,,,,
2021-12-11 01:00:00+01:00,11.1,-1.4,5.3,6.5,,,,,,,,,,,
2021-12-11 00:00:00+01:00,8.9,-1.4,4.2,6.9,,,,,,,,,,,
2021-12-10 23:00:00+01:00,8.9,-0.7,4.2,7.3,,,,,,,,,,,
2021-12-10 22:00:00+01:00,8.9,-0.4,4.2,7.8,,,,,,,,,,,
2021-12-10 21:00:00+01:00,7.8,0.2,6.8,7.3,,,,,,,,,,,
2021-12-10 20:00:00+01:00,10.0,0.4,7.0,7.6,,,,,,,,,,,
2021-12-10 19:00:00+01:00,11.1,0.4,7.2,7.7,,,,,,,,,,,
2021-12-10 18:00:00+01:00,12.8,0.5,7.5,7.2,,,,,,,,,,,
2021-12-12 07:00:00+01:00,10.0,-2.1,7.1,5.2,,,,,,,,,,,
2021-12-12 06:00:00+01:00,12.8,-3.3,7.3,5.5,,,,,,,,,,,
2021-12-12 05:00:00+01:00,13.9,-2.7,7.0,5.9,,,,,,,,,,,
2021-12-12 04:00:00+01:00,15.0,0.1,6.5,5.4,,,,,,,,,,,
2021-12-12 03:00:00+01:00,15.0,-0.1,6.3,5.6,,,,,,,,,,,
2021-12-12 02:00:00+01:00,15.0,-0.5,6.0,6.0,,,,,,,,,,,
2021-12-12 01:00:00+01:00,16.1,-0.7,6.6,6.3,,,,,,,,,,,
2021-12-12 00:00:00+01:00,16.1,-0.7,6.0,6.6,,,,,,,,,,,
2021-12-11 23:00:00+01:00,16.1,0.2,6.4,6.8,,,,,,,,,,,
2021-12-11 22:00:00+01:00,15.0,0.2,6.0,7.1,,,,,,,,,,,
2021-12-11 21:00:00+01:00,17.2,0.0,5.9,7.4,,,,,,,,,,,
2021-12-11 20:00:00+01:00,17.2,-0.2,6.3,7.9,,,,,,,,,,,
2021-12-11 19:00:00+01:00,17.2,-0.2,6.6,7.9,,,,,,,,,,,
2021-12-11 18:00:00+01:00,17.2,-0.2,5.4,8.5,,,,,,,,,,,
2021-12-11 17:00:00+01:00,17.2,0.0,7.6,8.9,,,,,,,,,,,
2021-12-11 16:00:00+01:00,17.2,-0.1,6.0,11.1,,,,,,,,,,,
2021-12-11 15:00:00+01:00,17.2,0.1,7.5,10.0,,,,,,,,,,,
2021-12-11 14:00:00+01:00,17.2,0.9,7.8,10.0,,,,,,,,,,,
2021-12-11 13:00:00+01:00,17.2,0.6,6.4,8.9,,,,,,,,,,,
2021-12-11 12:00:00+01:00,17.2,-0.1,5.6,8.9,,,,,,,,,,,
2021-12-11 11:00:00+01:00,17.2,-0.9,4.3,8.9,,,,,,,,,,,
2021-12-11 10:00:00+01:00,16.1,-1.7,3.5,6.1,,,,,,,,,,,
2021-12-11 09:00:00+01:00,16.1,-1.9,3.3,6.1,,,,,,,,,,,
2021-12-11 08:00:00+01:00,15.0,-3.6,3.9,5.5,,,,,,,,,,,
2021-12-13 07:00:00+01:00,10.0,3.5,9.1,0.2,,,,,,,,,,,
2021-12-13 06:00:00+01:00,8.9,3.5,9.2,0.8,,,,,,,,,,,
2021-12-13 05:00:00+01:00,7.8,3.5,8.9,1.4,,,,,,,,,,,
2021-12-13 04:00:00+01:00,8.9,3.5,9.5,2.0,,,,,,,,,,,
2021-12-13 03:00:00+01:00,7.8,3.6,9.5,2.8,,,,,,,,,,,
2021-12-13 02:00:00+01:00,8.9,3.6,8.5,2.8,,,,,,,,,,,
2021-12-13 01:00:00+01:00,8.9,3.0,9.7,3.4,,,,,,,,,,,
2021-12-13 00:00:00+01:00,7.8,2.9,9.8,4.2,,,,,,,,,,,
2021-12-12 23:00:00+01:00,8.9,2.8,9.9,3.5,,,,,,,,,,,
2021-12-12 22:00:00+01:00,10.0,2.7,10.1,4.0,,,,,,,,,,,
2021-12-12 21:00:00+01:00,10.0,2.8,10.3,5.3,,,,,,,,,,,
2021-12-12 20:00:00+01:00,11.1,2.5,10.3,5.9,,,,,,,,,,,
2021-12-12 19:00:00+01:00,11.1,3.2,10.5,6.8,,,,,,,,,,,
2021-12-12 18:00:00+01:00,12.2,3.2,8.9,8.7,,,,,,,,,,,
2021-12-12 17:00:00+01:00,13.9,2.8,10.7,11.1,,,,,,,,,,,
2021-12-12 16:00:00+01:00,17.2,2.8,10.0,12.2,,,,,,,,,,,
2021-12-12 15:00:00+01:00,17.2,2.7,11.3,12.2,,,,,,,,,,,
2021-12-12 14:00:00+01:00,17.8,2.4,10.4,12.2,,,,,,,,,,,
2021-12-12 13:00:00+01:00,17.8,1.9,9.8,11.1,,,,,,,,,,,
2021-12-12 12:00:00+01:00,17.8,1.2,9.3,11.1,,,,,,,,,,,
2021-12-12 11:00:00+01:00,17.2,1.2,9.8,8.9,,,,,,,,,,,
2021-12-12 10:00:00+01:00,15.0,-0.4,8.3,7.2,,,,,,,,,,,
2021-12-12 09:00:00+01:00,15.0,-0.7,8.0,7.2,,,,,,,,,,,
2021-12-12 08:00:00+01:00,11.1,-2.1,7.7,5.1,,,,,,,,,,,
2021-12-14 07:00:00+01:00,7.2,6.4,5.7,4.0,,,,,,,,,,,
2021-12-14 06:00:00+01:00,7.2,6.4,4.7,3.4,,,,,,,,,,,
2021-12-14 05:00:00+01:00,7.2,6.4,5.7,4.2,,,,,,,,,,,
2021-12-14 04:00:00+01:00,7.8,6.4,5.0,4.1,,,,,,,,,,,
2021-12-14 03:00:00+01:00,7.8,6.4,5.3,4.1,,,,,,,,,,,
2021-12-14 02:00:00+01:00,7.8,7.2,5.5,4.3,,,,,,,,,,,
2021-12-14 01:00:00+01:00,7.2,7.2,5.5,5.2,,,,,,,,,,,
2021-12-14 00:00:00+01:00,7.2,7.2,5.3,4.5,,,,,,,,,,,
2021-12-13 23:00:00+01:00,7.2,7.4,6.4,5.3,,,,,,,,,,,
2021-12-13 22:00:00+01:00,7.8,7.4,6.0,6.2,,,,,,,,,,,
2021-12-13 21:00:00+01:00,8.9,7.6,7.3,5.7,,,,,,,,,,,
2021-12-13 20:00:00+01:00,10.0,7.6,7.0,7.1,,,,,,,,,,,
2021-12-13 19:00:00+01:00,11.1,7.6,7.3,8.4,,,,,,,,,,,
2021-12-13 18:00:00+01:00,11.1,7.7,7.5,12.2,,,,,,,,,,,
2021-12-13 17:00:00+01:00,11.1,7.7,7.6,13.9,,,,,,,,,,,
2021-12-13 16:00:00+01:00,12.8,7.6,7.4,13.9,,,,,,,,,,,
2021-12-13 15:00:00+01:00,13.9,7.5,9.3,13.9,,,,,,,,,,,
2021-12-13 14:00:00+01:00,13.9,6.8,7.7,11.0,,,,,,,,,,,
2021-12-13 13:00:00+01:00,13.9,6.5,7.7,10.0,,,,,,,,,,,
2021-12-13 12:00:00+01:00,15.0,6.2,8.1,7.8,,,,,,,,,,,
2021-12-13 11:00:00+01:00,15.0,6.0,8.8,5.0,,,,,,,,,,,
2021-12-13 10:00:00+01:00,15.0,6.0,7.9,1.1,,,,,,,,,,,
2021-12-13 09:00:00+01:00,12.8,5.8,8.7,-1.1,,,,,,,,,,,
2021-12-13 08:00:00+01:00,11.1,3.5,8.9,2.9,,,,,,,,,,,
2021-12-15 07:00:00+01:00,8.9,7.9,7.3,4.2,,,,,,,,,,,
2021-12-15 06:00:00+01:00,7.8,7.9,5.3,4.9,,,,,,,,,,,
2021-12-15 05:00:00+01:00,8.9,7.9,7.3,4.5,,,,,,,,,,,
2021-12-15 04:00:00+01:00,7.8,7.9,5.4,4.5,,,,,,,,,,,
2021-12-15 03:00:00+01:00,8.9,7.8,5.6,5.4,,,,,,,,,,,
2021-12-15 02:00:00+01:00,8.9,7.6,7.4,5.9,,,,,,,,,,,
2021-12-15 01:00:00+01:00,8.9,7.6,7.5,6.0,,,,,,,,,,,
2021-12-15 00:00:00+01:00,8.9,7.7,7.5,7.0,,,,,,,,,,,
2021-12-14 23:00:00+01:00,8.9,7.8,7.6,6.6,,,,,,,,,,,
2021-12-14 22:00:00+01:00,8.9,7.8,7.6,8.3,,,,,,,,,,,
2021-12-14 21:00:00+01:00,7.8,7.8,7.7,8.7,,,,,,,,,,,
2021-12-14 20:00:00+01:00,7.8,7.8,6.3,9.5,,,,,,,,,,,
2021-12-14 19:00:00+01:00,8.9,7.9,6.7,11.1,,,,,,,,,,,
2021-12-14 18:00:00+01:00,8.9,7.8,8.0,13.9,,,,,,,,,,,
2021-12-14 17:00:00+01:00,7.8,7.8,8.2,16.1,,,,,,,,,,,
2021-12-14 16:00:00+01:00,7.8,7.8,8.0,17.2,,,,,,,,,,,
2021-12-14 15:00:00+01:00,7.2,7.9,8.0,16.1,,,,,,,,,,,
2021-12-14 14:00:00+01:00,7.8,6.7,7.5,13.9,,,,,,,,,,,
2021-12-14 13:00:00+01:00,7.8,6.7,6.9,12.2,,,,,,,,,,,
2021-12-14 12:00:00+01:00,7.2,6.7,7.5,8.9,,,,,,,,,,,
2021-12-14 11:00:00+01:00,7.2,6.7,6.0,6.1,,,,,,,,,,,
2021-12-14 10:00:00+01:00,7.8,6.7,5.8,2.2,,,,,,,,,,,
2021-12-14 09:00:00+01:00,7.8,6.7,5.5,1.6,,,,,,,,,,,
2021-12-14 08:00:00+01:00,7.2,6.4,5.8,3.6,,,,,,,,,,,
2021-12-16 07:00:00+01:00,8.9,7.6,8.8,3.1,,,,,,,,,,,
2021-12-16 06:00:00+01:00,7.8,7.9,8.4,3.4,,,,,,,,,,,
2021-12-16 05:00:00+01:00,8.9,8.0,5.7,3.8,,,,,,,,,,,
2021-12-16 04:00:00+01:00,8.9,8.0,7.9,4.2,,,,,,,,,,,
2021-12-16 03:00:00+01:00,8.9,7.9,7.8,3.4,,,,,,,,,,,
2021-12-16 02:00:00+01:00,8.9,7.8,7.9,4.9,,,,,,,,,,,
2021-12-16 01:00:00+01:00,8.9,7.9,8.1,5.2,,,,,,,,,,,
2021-12-16 00:00:00+01:00,8.9,8.0,8.2,5.5,,,,,,,,,,,
2021-12-15 23:00:00+01:00,8.9,8.0,7.2,5.7,,,,,,,,,,,
2021-12-15 22:00:00+01:00,8.9,8.4,7.1,6.5,,,,,,,,,,,
2021-12-15 21:00:00+01:00,8.9,8.6,7.1,6.9,,,,,,,,,,,
2021-12-15 20:00:00+01:00,10.0,9.0,7.6,7.9,,,,,,,,,,,
2021-12-15 19:00:00+01:00,8.9,9.1,8.3,9.9,,,,,,,,,,,
2021-12-15 18:00:00+01:00,8.9,9.1,8.4,11.1,,,,,,,,,,,
2021-12-15 17:00:00+01:00,10.0,9.2,9.4,13.9,,,,,,,,,,,
2021-12-15 16:00:00+01:00,10.0,9.2,9.4,15.0,,,,,,,,,,,
2021-12-15 15:00:00+01:00,10.0,9.3,9.4,15.0,,,,,,,,,,,
2021-12-15 14:00:00+01:00,10.0,9.0,7.7,12.8,,,,,,,,,,,
2021-12-15 13:00:00+01:00,10.0,8.8,8.7,12.2,,,,,,,,,,,
2021-12-15 12:00:00+01:00,10.0,8.5,8.4,8.9,,,,,,,,,,,
2021-12-15 11:00:00+01:00,10.0,8.3,7.9,6.1,,,,,,,,,,,
2021-12-15 10:00:00+01:00,10.0,8.3,6.0,2.2,,,,,,,,,,,
2021-12-15 09:00:00+01:00,10.0,8.1,6.4,1.1,,,,,,,,,,,
2021-12-15 08:00:00+01:00,8.9,7.9,7.4,5.5,,,,,,,,,,,
2021-12-16 07:00:00+01:00,8.9,7.6,8.8,3.1,,,,,,,,,,,
2021-12-16 06:00:00+01:00,7.8,7.9,8.4,3.4,,,,,,,,,,,
2021-12-16 05:00:00+01:00,8.9,8.0,5.7,3.8,,,,,,,,,,,
2021-12-16 04:00:00+01:00,8.9,8.0,7.9,4.2,,,,,,,,,,,
2021-12-16 03:00:00+01:00,8.9,7.9,7.8,3.4,,,,,,,,,,,
2021-12-16 02:00:00+01:00,8.9,7.8,7.9,4.9,,,,,,,,,,,
2021-12-16 01:00:00+01:00,8.9,7.9,8.1,5.2,,,,,,,,,,,
2021-12-16 00:00:00+01:00,8.9,8.0,8.2,5.5,,,,,,,,,,,
2021-12-15 23:00:00+01:00,8.9,8.0,7.2,5.7,,,,,,,,,,,
2021-12-15 22:00:00+01:00,8.9,8.4,7.1,6.5,,,,,,,,,,,
2021-12-15 21:00:00+01:00,8.9,8.6,7.1,6.9,,,,,,,,,,,
2021-12-15 20:00:00+01:00,10.0,9.0,7.6,7.9,,,,,,,,,,,
2021-12-15 19:00:00+01:00,8.9,9.1,8.3,9.9,,,,,,,,,,,
2021-12-15 18:00:00+01:00,8.9,9.1,8.4,11.1,,,,,,,,,,,
2021-12-15 17:00:00+01:00,10.0,9.2,9.4,13.9,,,,,,,,,,,
2021-12-15 16:00:00+01:00,10.0,9.2,9.4,15.0,,,,,,,,,,,
2021-12-15 15:00:00+01:00,10.0,9.3,9.4,15.0,,,,,,,,,,,
2021-12-15 14:00:00+01:00,10.0,9.0,7.7,12.8,,,,,,,,,,,
2021-12-15 13:00:00+01:00,10.0,8.8,8.7,12.2,,,,,,,,,,,
2021-12-15 12:00:00+01:00,10.0,8.5,8.4,8.9,,,,,,,,,,,
2021-12-15 11:00:00+01:00,10.0,8.3,7.9,6.1,,,,,,,,,,,
2021-12-15 10:00:00+01:00,10.0,8.3,6.0,2.2,,,,,,,,,,,
2021-12-15 09:00:00+01:00,10.0,8.1,6.4,1.1,,,,,,,,,,,
2021-12-15 08:00:00+01:00,8.9,7.9,7.4,5.5,,,,,,,,,,,
2021-12-17 08:00:00+01:00,7.8,4.3,7.2,4.5,,,,,,,,,,,
2021-12-17 07:00:00+01:00,7.8,4.4,6.8,2.2,,,,,,,,,,,
2021-12-17 06:00:00+01:00,7.8,4.4,5.2,2.1,,,,,,,,,,,
2021-12-17 05:00:00+01:00,7.8,4.5,5.3,2.8,,,,,,,,,,,
2021-12-17 04:00:00+01:00,7.2,4.4,6.7,3.6,,,,,,,,,,,
2021-12-17 03:00:00+01:00,7.8,4.2,6.9,3.1,,,,,,,,,,,
2021-12-17 02:00:00+01:00,7.8,4.2,5.8,4.4,,,,,,,,,,,
2021-12-17 01:00:00+01:00,7.2,4.2,7.2,4.7,,,,,,,,,,,
2021-12-17 00:00:00+01:00,7.2,4.1,7.5,4.9,,,,,,,,,,,
2021-12-16 23:00:00+01:00,7.8,4.1,8.0,5.7,,,,,,,,,,,
2021-12-16 22:00:00+01:00,7.2,4.1,8.3,6.5,,,,,,,,,,,
2021-12-16 21:00:00+01:00,7.8,4.1,8.4,7.1,,,,,,,,,,,
2021-12-16 20:00:00+01:00,7.2,4.0,10.1,8.0,,,,,,,,,,,
2021-12-16 19:00:00+01:00,7.8,6.4,10.7,9.8,,,,,,,,,,,
2021-12-16 18:00:00+01:00,7.8,6.4,10.1,12.2,,,,,,,,,,,
2021-12-16 17:00:00+01:00,8.9,6.9,10.7,15.0,,,,,,,,,,,
2021-12-16 16:00:00+01:00,10.0,8.5,11.4,15.0,,,,,,,,,,,
2021-12-16 15:00:00+01:00,11.1,8.8,11.3,15.0,,,,,,,,,,,
2021-12-16 14:00:00+01:00,12.2,8.9,11.3,13.9,,,,,,,,,,,
2021-12-16 13:00:00+01:00,11.1,9.0,11.0,12.2,,,,,,,,,,,
2021-12-16 12:00:00+01:00,11.1,9.0,9.0,8.9,,,,,,,,,,,
2021-12-16 11:00:00+01:00,11.1,8.3,9.9,5.0,,,,,,,,,,,
2021-12-16 10:00:00+01:00,10.0,8.3,9.3,1.1,,,,,,,,,,,
2021-12-16 09:00:00+01:00,10.0,8.5,9.1,1.1,,,,,,,,,,,
2021-12-18 07:00:00+01:00,5.0,5.7,4.8,1.7,,,,,,,,,,,
2021-12-18 06:00:00+01:00,5.0,5.7,3.6,1.6,,,,,,,,,,,
2021-12-18 05:00:00+01:00,6.1,5.7,3.5,2.0,,,,,,,,,,,
2021-12-18 04:00:00+01:00,6.1,5.6,3.8,2.6,,,,,,,,,,,
2021-12-18 03:00:00+01:00,6.1,5.6,4.0,1.9,,,,,,,,,,,
2021-12-18 02:00:00+01:00,7.8,5.4,5.0,3.1,,,,,,,,,,,
2021-12-18 01:00:00+01:00,8.9,5.2,5.5,3.5,,,,,,,,,,,
2021-12-18 00:00:00+01:00,10.0,5.2,5.9,4.2,,,,,,,,,,,
2021-12-17 23:00:00+01:00,8.9,5.1,6.3,5.1,,,,,,,,,,,
2021-12-17 22:00:00+01:00,8.9,5.1,6.8,5.8,,,,,,,,,,,
2021-12-17 21:00:00+01:00,8.9,5.2,7.2,6.6,,,,,,,,,,,
2021-12-17 20:00:00+01:00,7.8,5.4,7.9,8.1,,,,,,,,,,,
2021-12-17 19:00:00+01:00,7.8,5.4,8.5,10.2,,,,,,,,,,,
2021-12-17 18:00:00+01:00,7.2,5.8,8.7,12.2,,,,,,,,,,,
2021-12-17 17:00:00+01:00,10.0,5.7,9.0,15.0,,,,,,,,,,,
2021-12-17 16:00:00+01:00,11.1,6.2,9.2,16.1,,,,,,,,,,,
2021-12-17 15:00:00+01:00,12.2,6.1,9.4,15.0,,,,,,,,,,,
2021-12-17 14:00:00+01:00,12.2,6.1,9.1,13.9,,,,,,,,,,,
2021-12-17 13:00:00+01:00,12.2,5.8,8.9,12.2,,,,,,,,,,,
2021-12-17 12:00:00+01:00,11.1,5.2,8.7,10.0,,,,,,,,,,,
2021-12-17 11:00:00+01:00,11.1,4.3,8.5,7.8,,,,,,,,,,,
2021-12-17 10:00:00+01:00,10.0,4.0,8.2,2.8,,,,,,,,,,,
2021-12-17 09:00:00+01:00,8.9,4.1,7.9,2.2,,,,,,,,,,,
2021-12-17 08:00:00+01:00,,4.3,4.5,4.5,,,,,,,,,,,
2021-12-18 08:00:00+01:00,5.0,,,,,,,,,,,,,,
2021-12-20 07:00:00+01:00,,1.1,5.6,0.1,,,,,,,,,,,
2021-12-20 06:00:00+01:00,1.1,1.1,5.7,0.6,,,,,,,,,,,
2021-12-20 05:00:00+01:00,1.1,1.1,5.7,1.2,,,,,,,,,,,
2021-12-20 04:00:00+01:00,0.0,1.1,4.7,0.7,,,,,,,,,,,
2021-12-20 03:00:00+01:00,0.0,1.6,5.6,0.2,,,,,,,,,,,
2021-12-20 02:00:00+01:00,0.0,1.8,5.6,2.5,,,,,,,,,,,
2021-12-20 01:00:00+01:00,0.0,2.4,5.4,3.1,,,,,,,,,,,
2021-12-20 00:00:00+01:00,2.8,3.0,5.1,3.8,,,,,,,,,,,
2021-12-19 23:00:00+01:00,2.2,3.7,5.1,4.5,,,,,,,,,,,
2021-12-19 22:00:00+01:00,2.8,4.4,5.2,5.4,,,,,,,,,,,
2021-12-19 21:00:00+01:00,5.0,5.4,5.0,4.3,,,,,,,,,,,
2021-12-19 20:00:00+01:00,6.1,6.2,5.1,6.3,,,,,,,,,,,
2021-12-19 19:00:00+01:00,6.1,6.2,5.4,8.5,,,,,,,,,,,
2021-12-19 18:00:00+01:00,6.1,6.4,4.6,10.0,,,,,,,,,,,
2021-12-19 17:00:00+01:00,7.2,6.6,6.0,13.9,,,,,,,,,,,
2021-12-19 16:00:00+01:00,7.8,6.6,6.0,15.0,,,,,,,,,,,
2021-12-19 15:00:00+01:00,7.8,6.6,5.8,12.8,,,,,,,,,,,
2021-12-19 14:00:00+01:00,7.8,7.1,5.1,11.1,,,,,,,,,,,
2021-12-19 13:00:00+01:00,7.8,7.1,5.2,10.0,,,,,,,,,,,
2021-12-19 12:00:00+01:00,7.8,7.1,5.5,7.8,,,,,,,,,,,
2021-12-19 11:00:00+01:00,7.2,7.0,4.9,5.0,,,,,,,,,,,
2021-12-19 10:00:00+01:00,6.1,6.8,5.0,1.1,,,,,,,,,,,
2021-12-19 09:00:00+01:00,5.0,7.0,5.2,-1.1,,,,,,,,,,,
2021-12-19 08:00:00+01:00,5.0,6.2,5.2,0.5,,,,,,,,,,,
2021-12-19 07:00:00+01:00,5.0,,,,,,,,,,,,,,
2021-12-20 07:00:00+01:00,1.1,1.1,5.6,0.1,,,,,,,,,,,
2021-12-20 06:00:00+01:00,0.0,1.1,5.7,0.6,,,,,,,,,,,
2021-12-20 05:00:00+01:00,1.1,1.1,5.7,1.2,,,,,,,,,,,
2021-12-20 04:00:00+01:00,0.0,1.1,4.7,0.7,,,,,,,,,,,
2021-12-20 03:00:00+01:00,0.0,1.6,5.6,0.2,,,,,,,,,,,
2021-12-20 02:00:00+01:00,0.0,1.8,5.6,2.5,,,,,,,,,,,
2021-12-20 01:00:00+01:00,0.0,2.4,5.4,3.1,,,,,,,,,,,
2021-12-20 00:00:00+01:00,2.8,3.0,5.1,3.8,,,,,,,,,,,
2021-12-19 23:00:00+01:00,2.2,3.7,5.1,4.5,,,,,,,,,,,
2021-12-19 22:00:00+01:00,2.8,4.4,5.2,5.4,,,,,,,,,,,
2021-12-19 21:00:00+01:00,5.0,5.4,5.0,4.3,,,,,,,,,,,
2021-12-19 20:00:00+01:00,6.1,6.2,5.1,6.3,,,,,,,,,,,
2021-12-19 19:00:00+01:00,6.1,6.2,5.4,8.5,,,,,,,,,,,
2021-12-19 18:00:00+01:00,6.1,6.4,4.6,10.0,,,,,,,,,,,
2021-12-19 17:00:00+01:00,7.2,6.6,6.0,13.9,,,,,,,,,,,
2021-12-19 16:00:00+01:00,7.8,6.6,6.0,15.0,,,,,,,,,,,
2021-12-19 15:00:00+01:00,7.8,6.6,5.8,12.8,,,,,,,,,,,
2021-12-19 14:00:00+01:00,7.8,7.1,5.1,11.1,,,,,,,,,,,
2021-12-19 13:00:00+01:00,7.8,7.1,5.2,10.0,,,,,,,,,,,
2021-12-19 12:00:00+01:00,7.8,7.1,5.5,7.8,,,,,,,,,,,
2021-12-19 11:00:00+01:00,7.2,7.0,4.9,5.0,,,,,,,,,,,
2021-12-19 10:00:00+01:00,6.1,6.8,5.0,1.1,,,,,,,,,,,
2021-12-19 09:00:00+01:00,5.0,7.0,5.2,-1.1,,,,,,,,,,,
2021-12-19 08:00:00+01:00,5.0,6.2,5.2,0.5,,,,,,,,,,,
2021-12-21 10:00:00+01:00,,1.2,1.4,1.1,5.5,,20.1,13.9,,,,,,,
2021-12-21 09:00:00+01:00,8.9,1.1,1.8,1.1,5.5,23.8,20.9,13.9,,,,,,,
2021-12-21 08:00:00+01:00,7.8,0.1,2.0,4.3,5.6,23.1,21.0,13.9,,,,,,,
2021-12-21 07:00:00+01:00,7.8,-0.1,2.6,1.9,5.6,23.3,21.0,12.8,,,,,,,
2021-12-21 06:00:00+01:00,7.8,-0.1,1.6,2.6,4.9,22.1,21.5,13.9,,,,,,,
2021-12-21 05:00:00+01:00,7.2,-0.6,2.9,2.2,5.8,20.4,21.9,15.0,,,,,,,
2021-12-21 04:00:00+01:00,7.2,-0.6,2.4,2.5,4.5,18.2,22.3,17.2,,,,,,,
2021-12-21 03:00:00+01:00,7.8,-1.1,2.7,3.9,4.7,15.8,22.8,17.2,,,,,,,
2021-12-21 02:00:00+01:00,7.2,-0.2,4.0,4.9,6.1,14.8,23.3,17.2,,,,,,,
2021-12-21 01:00:00+01:00,7.2,-0.4,4.5,5.4,6.4,14.9,23.8,17.2,,,,,,,
2021-12-21 00:00:00+01:00,7.2,-0.7,5.5,5.9,6.5,15.1,24.3,17.2,,,,,,,
2021-12-20 23:00:00+01:00,6.1,-0.7,5.7,6.3,6.6,15.1,24.8,17.2,,,,,,,
2021-12-20 22:00:00+01:00,6.1,-0.7,3.5,6.5,6.3,14.8,25.9,17.2,,,,,,,
2021-12-20 21:00:00+01:00,7.8,0.0,5.9,5.8,6.8,16.4,26.5,17.2,,,,,,,
2021-12-20 20:00:00+01:00,7.8,0.5,5.8,6.8,7.1,17.0,26.9,17.2,,,,,,,
2021-12-20 19:00:00+01:00,7.2,1.0,5.8,8.5,7.3,17.5,27.4,16.1,,,,,,,
2021-12-20 18:00:00+01:00,8.9,1.5,5.7,11.1,7.5,18.1,27.5,16.1,,,,,,,
2021-12-20 17:00:00+01:00,11.1,1.7,5.7,12.2,7.5,18.7,27.2,16.1,,,,,,,
2021-12-20 16:00:00+01:00,12.2,1.7,6.6,12.2,6.6,19.1,26.5,16.1,,,,,,,
2021-12-20 15:00:00+01:00,13.9,3.0,5.5,11.1,7.5,19.6,25.4,15.0,,,,,,,
2021-12-20 14:00:00+01:00,15.0,3.7,5.4,11.1,7.2,20.3,24.2,15.0,,,,,,,
2021-12-20 13:00:00+01:00,15.0,3.5,5.4,7.8,6.9,21.2,22.7,13.9,,,,,,,
2021-12-20 12:00:00+01:00,13.9,3.0,5.5,6.1,6.8,22.2,21.2,13.9,,,,,,,
2021-12-20 11:00:00+01:00,12.2,3.0,5.6,2.8,6.2,23.4,20.0,12.8,,,,,,,
2021-12-20 10:00:00+01:00,7.8,,,,,23.4,,,,,,,,,
2021-12-22 07:00:00+01:00,6.1,-0.7,-0.9,6.3,1.6,23.0,22.5,12.8,,,,,,,
2021-12-22 06:00:00+01:00,6.1,-0.3,-0.9,5.8,1.4,21.5,23.2,12.8,,,,,,,
2021-12-22 05:00:00+01:00,5.0,-0.3,-0.9,6.0,1.2,19.7,23.6,13.9,,,,,,,
2021-12-22 04:00:00+01:00,6.1,0.3,-1.0,6.5,2.1,17.5,23.9,13.9,,,,,,,
2021-12-22 03:00:00+01:00,7.2,0.3,-2.2,7.1,1.1,14.9,24.2,13.9,,,,,,,
2021-12-22 02:00:00+01:00,7.2,0.5,-1.4,5.5,1.8,14.5,24.7,13.9,,,,,,,
2021-12-22 01:00:00+01:00,7.2,0.3,-1.6,5.2,1.3,14.4,25.5,15.0,,,,,,,
2021-12-22 00:00:00+01:00,7.2,0.2,0.2,6.1,2.3,14.5,26.3,13.9,,,,,,,
2021-12-21 23:00:00+01:00,7.8,0.0,0.5,6.7,3.2,14.4,27.7,13.9,,,,,,,
2021-12-21 22:00:00+01:00,7.8,-0.3,0.9,7.4,3.7,14.8,28.8,15.0,,,,,,,
2021-12-21 21:00:00+01:00,7.8,-0.3,1.6,6.6,4.0,15.3,29.3,15.0,,,,,,,
2021-12-21 20:00:00+01:00,7.8,-0.3,1.9,7.8,4.5,15.6,29.5,15.0,,,,,,,
2021-12-21 19:00:00+01:00,7.8,0.0,2.3,9.7,5.6,15.8,29.9,15.0,,,,,,,
2021-12-21 18:00:00+01:00,7.8,0.2,2.6,11.1,5.7,16.0,30.0,16.1,,,,,,,
2021-12-21 17:00:00+01:00,7.8,0.7,3.2,12.8,6.1,16.4,29.6,16.1,,,,,,,
2021-12-21 16:00:00+01:00,8.9,1.9,3.6,12.8,6.4,17.3,28.8,17.2,,,,,,,
2021-12-21 15:00:00+01:00,10.0,2.0,4.4,12.8,6.5,18.3,27.6,16.1,,,,,,,
2021-12-21 14:00:00+01:00,10.0,2.4,3.3,12.8,6.3,18.3,26.2,17.2,,,,,,,
2021-12-21 13:00:00+01:00,10.0,2.4,2.9,10.0,6.2,19.5,24.5,16.1,,,,,,,
2021-12-21 12:00:00+01:00,10.0,1.9,2.3,7.2,5.8,21.8,22.6,15.0,,,,,,,
2021-12-21 11:00:00+01:00,10.0,1.9,1.2,2.8,5.9,21.8,21.2,13.9,,,,,,,
2021-12-21 10:00:00+01:00,10.0,1.2,1.4,1.1,5.5,23.8,20.1,13.9,,,,,,,
2021-12-21 09:00:00+01:00,8.9,1.1,1.8,1.1,5.5,23.7,20.9,13.9,,,,,,,
2021-12-21 08:00:00+01:00,7.8,0.1,2.0,4.3,5.6,23.1,21.0,13.9,,,,,,,
2021-12-23 08:00:00+01:00,7.2,-2.1,0.1,2.9,7.0,24.6,22.5,15.0,,,,,,,
2021-12-23 07:00:00+01:00,7.2,-2.1,-0.5,3.7,6.5,23.8,22.4,16.1,,,,,,,
2021-12-23 06:00:00+01:00,7.2,-2.2,1.2,4.4,6.1,22.4,24.3,15.0,,,,,,,
2021-12-23 05:00:00+01:00,7.2,-2.2,-1.2,5.0,5.7,20.6,24.6,15.0,,,,,,,
2021-12-23 04:00:00+01:00,7.2,-3.0,-1.5,5.4,5.3,18.4,24.8,15.0,,,,,,,
2021-12-23 03:00:00+01:00,7.2,-3.4,-1.6,5.5,5.0,15.9,24.9,15.0,,,,,,,
2021-12-23 02:00:00+01:00,7.8,-2.5,-1.3,6.6,4.5,15.1,25.4,15.0,,,,,,,
2021-12-23 01:00:00+01:00,7.8,-2.0,-1.3,7.2,4.2,15.1,26.2,15.0,,,,,,,
2021-12-23 00:00:00+01:00,7.8,-1.8,-0.8,7.8,4.2,15.0,27.3,15.0,,,,,,,
2021-12-22 23:00:00+01:00,7.8,-1.7,-0.8,8.4,4.0,15.1,29.2,15.0,,,,,,,
2021-12-22 22:00:00+01:00,7.8,-1.5,-0.7,8.9,3.3,15.6,31.2,15.0,,,,,,,
2021-12-22 21:00:00+01:00,7.8,-1.2,-0.4,9.2,4.3,16.0,32.7,15.0,,,,,,,
2021-12-22 20:00:00+01:00,7.8,-0.8,-0.2,9.5,4.5,16.5,33.7,16.1,,,,,,,
2021-12-22 19:00:00+01:00,7.8,-0.5,0.1,10.2,4.6,16.8,34.1,16.1,,,,,,,
2021-12-22 18:00:00+01:00,7.8,0.1,-0.1,12.2,4.7,17.4,34.1,16.1,,,,,,,
2021-12-22 17:00:00+01:00,8.9,0.1,0.0,12.8,5.0,17.7,33.6,16.1,,,,,,,
2021-12-22 16:00:00+01:00,10.0,0.9,0.0,12.8,5.1,18.5,32.6,17.2,,,,,,,
2021-12-22 15:00:00+01:00,11.1,1.1,-0.2,12.2,5.1,19.5,31.3,16.1,,,,,,,
2021-12-22 14:00:00+01:00,11.1,1.2,-0.3,11.1,4.7,20.7,29.6,13.9,,,,,,,
2021-12-22 13:00:00+01:00,11.1,0.8,-0.3,8.9,4.1,21.8,27.6,12.8,,,,,,,
2021-12-22 12:00:00+01:00,11.1,0.2,-0.7,8.9,3.0,22.8,25.6,12.9,,,,,,,
2021-12-22 11:00:00+01:00,10.0,-0.7,-1.0,7.8,1.9,24.5,22.8,12.2,,,,,,,
2021-12-22 10:00:00+01:00,8.9,-1.5,-1.2,7.2,1.0,25.1,21.0,11.1,,,,,,,
2021-12-22 09:00:00+01:00,7.2,-1.4,-1.4,7.2,1.5,24.9,22.1,12.2,,,,,,,
2021-12-24 07:00:00+01:00,2.2,3.7,8.3,10.5,8.3,21.4,20.8,12.8,,,,,,,
2021-12-24 06:00:00+01:00,2.2,3.7,7.5,10.6,7.1,20.2,21.7,12.8,,,,,,,
2021-12-24 05:00:00+01:00,2.8,2.9,8.1,9.6,7.5,19.3,21.9,11.1,,,,,,,
2021-12-24 04:00:00+01:00,2.8,2.3,8.4,9.7,6.4,18.6,22.2,10.0,,,,,,,
2021-12-24 03:00:00+01:00,3.9,1.6,8.6,7.3,7.2,17.9,22.4,10.0,,,,,,,
2021-12-24 02:00:00+01:00,3.9,1.6,7.3,9.0,8.1,17.5,22.8,11.1,,,,,,,
2021-12-24 01:00:00+01:00,3.9,1.2,7.9,9.2,8.2,17.5,23.1,12.2,,,,,,,
2021-12-24 00:00:00+01:00,3.9,0.3,8.7,9.5,9.2,16.9,23.7,12.8,,,,,,,
2021-12-23 23:00:00+01:00,3.9,-0.2,9.0,9.5,10.2,17.4,24.3,12.8,,,,,,,
2021-12-23 22:00:00+01:00,3.9,-0.2,7.7,9.9,9.4,18.6,24.7,13.9,,,,,,,
2021-12-23 21:00:00+01:00,5.0,-0.8,8.4,10.3,10.8,18.5,25.0,13.9,,,,,,,
2021-12-23 20:00:00+01:00,5.0,-1.2,8.4,10.5,10.7,18.4,25.3,13.9,,,,,,,
2021-12-23 19:00:00+01:00,5.0,-0.9,8.5,11.1,10.7,18.7,25.4,15.0,,,,,,,
2021-12-23 18:00:00+01:00,5.0,-0.9,7.4,11.1,10.6,18.9,25.5,15.0,,,,,,,
2021-12-23 17:00:00+01:00,7.8,-0.1,8.9,12.8,10.5,19.2,25.5,16.1,,,,,,,
2021-12-23 16:00:00+01:00,10.0,0.3,9.2,13.1,10.8,19.6,25.1,16.1,,,,,,,
2021-12-23 15:00:00+01:00,11.1,0.4,9.1,11.8,10.1,20.2,24.4,17.2,,,,,,,
2021-12-23 14:00:00+01:00,10.0,0.6,6.3,11.7,9.0,21.0,23.9,16.1,,,,,,,
2021-12-23 13:00:00+01:00,12.2,0.1,5.0,8.9,8.6,22.5,23.8,16.1,,,,,,,
2021-12-23 12:00:00+01:00,11.1,-0.8,3.1,7.2,8.2,23.4,23.7,15.0,,,,,,,
2021-12-23 11:00:00+01:00,10.0,-1.9,2.0,5.0,7.7,25.5,22.8,15.0,,,,,,,
2021-12-23 10:00:00+01:00,7.8,-2.6,0.6,2.2,7.5,25.6,22.2,15.0,,,,,,,
2021-12-23 09:00:00+01:00,7.2,-2.9,0.3,1.1,7.2,25.1,22.5,15.0,,,,,,,
2021-12-23 08:00:00+01:00,7.2,-2.1,0.1,2.9,7.0,24.6,22.5,15.0,,,,,,,
2021-12-25 07:00:00+01:00,7.8,-6.5,9.0,13.7,8.4,22.4,20.0,13.9,,,,,,,
2021-12-25 06:00:00+01:00,7.2,-6.5,8.9,13.4,8.4,21.4,20.9,12.8,,,,,,,
2021-12-25 05:00:00+01:00,7.2,-6.4,8.3,13.1,8.5,20.4,21.1,12.8,,,,,,,
2021-12-25 04:00:00+01:00,7.2,-5.9,8.5,12.9,8.6,19.7,21.4,12.8,,,,,,,
2021-12-25 03:00:00+01:00,7.2,-5.4,9.2,12.7,8.6,18.8,21.7,13.9,,,,,,,
2021-12-25 02:00:00+01:00,6.1,-5.4,9.2,13.1,8.7,17.9,22.0,12.8,,,,,,,
2021-12-25 01:00:00+01:00,7.2,-3.5,9.2,12.9,8.8,17.2,22.5,15.0,,,,,,,
2021-12-25 00:00:00+01:00,7.8,-2.8,9.2,12.8,8.9,16.7,22.6,15.0,,,,,,,
2021-12-24 23:00:00+01:00,7.2,-1.9,9.5,12.7,8.9,17.3,23.5,13.9,,,,,,,
2021-12-24 22:00:00+01:00,7.8,-0.9,9.7,12.4,9.1,19.8,24.4,12.8,,,,,,,
2021-12-24 21:00:00+01:00,7.8,0.0,9.6,12.4,9.1,19.8,25.0,12.8,,,,,,,
2021-12-24 20:00:00+01:00,8.9,0.9,9.4,11.8,9.2,19.7,25.4,12.8,,,,,,,
2021-12-24 19:00:00+01:00,11.1,1.3,9.5,12.6,9.2,19.9,25.7,13.9,,,,,,,
2021-12-24 18:00:00+01:00,11.1,1.6,9.5,12.8,9.9,20.2,25.5,13.9,,,,,,,
2021-12-24 17:00:00+01:00,12.8,1.9,9.8,12.8,9.5,20.5,25.2,15.0,,,,,,,
2021-12-24 16:00:00+01:00,13.9,2.5,9.9,12.8,10.3,20.5,24.9,13.9,,,,,,,
2021-12-24 15:00:00+01:00,15.0,3.3,10.3,12.7,10.6,21.1,24.5,13.9,,,,,,,
2021-12-24 14:00:00+01:00,13.9,6.7,10.0,12.2,10.2,21.3,24.0,15.0,,,,,,,
2021-12-24 13:00:00+01:00,12.8,6.1,10.0,11.1,9.5,22.2,23.3,16.1,,,,,,,
2021-12-24 12:00:00+01:00,11.1,3.5,9.7,12.6,8.9,23.0,22.4,15.0,,,,,,,
2021-12-24 11:00:00+01:00,12.2,3.5,8.0,11.7,8.6,23.6,20.9,13.9,,,,,,,
2021-12-24 10:00:00+01:00,10.0,3.6,8.7,8.9,8.4,23.5,20.7,12.8,,,,,,,
2021-12-24 09:00:00+01:00,6.1,4.2,8.5,7.8,7.9,23.1,20.4,12.8,,,,,,,
2021-12-24 08:00:00+01:00,3.9,4.3,7.8,10.4,7.5,23.1,20.6,12.8,,,,,,,
2021-12-26 07:00:00+01:00,7.2,-10.6,8.7,10.8,5.7,20.4,19.2,15.0,,,,,,,
2021-12-26 06:00:00+01:00,7.2,-11.2,8.7,11.1,5.5,18.6,19.9,13.9,,,,,,,
2021-12-26 05:00:00+01:00,7.2,-11.8,8.8,11.3,5.5,19.1,20.2,13.9,,,,,,,
2021-12-26 04:00:00+01:00,7.2,-11.1,8.8,11.6,5.5,18.3,20.7,13.9,,,,,,,
2021-12-26 03:00:00+01:00,7.8,-7.6,8.8,11.9,5.6,16.7,21.2,13.9,,,,,,,
2021-12-26 02:00:00+01:00,7.8,-8.0,8.9,12.9,5.8,15.7,21.7,13.9,,,,,,,
2021-12-26 01:00:00+01:00,7.8,-8.5,9.2,12.9,5.9,14.8,22.2,13.9,,,,,,,
2021-12-26 00:00:00+01:00,8.9,-7.5,9.4,13.0,6.1,16.0,22.6,13.9,,,,,,,
2021-12-25 23:00:00+01:00,8.9,-7.6,9.7,13.1,6.0,16.7,23.9,13.9,,,,,,,
2021-12-25 22:00:00+01:00,11.1,-6.5,9.7,13.4,6.1,17.6,24.8,13.9,,,,,,,
2021-12-25 21:00:00+01:00,11.1,-6.4,9.9,13.7,6.0,19.2,25.5,13.9,,,,,,,
2021-12-25 20:00:00+01:00,13.9,-6.3,10.0,13.9,6.0,19.3,26.1,13.9,,,,,,,
2021-12-25 19:00:00+01:00,12.2,-4.2,10.0,14.2,6.3,19.5,26.7,15.0,,,,,,,
2021-12-25 18:00:00+01:00,12.8,-3.8,10.0,15.0,6.5,19.8,26.9,15.0,,,,,,,
2021-12-25 17:00:00+01:00,13.9,-3.2,10.3,13.9,6.8,20.0,27.0,15.0,,,,,,,
2021-12-25 16:00:00+01:00,15.0,-1.9,10.5,13.9,7.1,20.4,26.5,16.1,,,,,,,
2021-12-25 15:00:00+01:00,16.1,-1.7,10.4,13.9,7.1,21.1,25.8,15.0,,,,,,,
2021-12-25 14:00:00+01:00,16.1,-1.7,10.3,13.9,7.2,21.6,24.7,15.0,,,,,,,
2021-12-25 13:00:00+01:00,16.1,-4.8,9.9,13.9,7.5,22.3,22.8,15.0,,,,,,,
2021-12-25 12:00:00+01:00,16.1,-5.5,9.7,13.9,7.8,22.3,21.0,15.0,,,,,,,
2021-12-25 11:00:00+01:00,15.0,-6.4,9.4,13.9,7.8,22.6,20.2,15.0,,,,,,,
2021-12-25 10:00:00+01:00,12.8,-6.5,9.1,15.0,8.1,21.8,19.2,15.0,,,,,,,
2021-12-25 09:00:00+01:00,10.0,-6.7,9.1,13.9,8.5,22.1,19.8,15.0,,,,,,,
2021-12-25 08:00:00+01:00,7.8,-6.6,9.0,14.0,8.5,20.3,19.9,15.0,,,,,,,
2021-12-27 07:00:00+01:00,10.0,-8.1,9.9,7.9,8.2,13.5,21.3,16.1,,,,,,,
2021-12-27 06:00:00+01:00,10.0,-8.3,10.0,8.3,8.3,13.2,21.9,16.1,,,,,,,
2021-12-27 05:00:00+01:00,10.0,-10.0,10.1,8.7,8.3,12.9,22.3,17.2,,,,,,,
2021-12-27 04:00:00+01:00,10.0,-10.6,10.1,9.1,8.0,12.7,22.5,17.2,,,,,,,
2021-12-27 03:00:00+01:00,10.0,-9.9,10.1,9.5,8.0,12.4,22.9,17.2,,,,,,,
2021-12-27 02:00:00+01:00,10.0,-7.8,10.1,11.2,8.0,9.9,23.3,16.1,,,,,,,
2021-12-27 01:00:00+01:00,10.0,-8.3,10.0,11.3,7.9,12.4,23.9,16.1,,,,,,,
2021-12-27 00:00:00+01:00,10.0,-7.6,9.9,11.5,8.4,12.6,24.3,16.1,,,,,,,
2021-12-26 23:00:00+01:00,10.0,-6.7,9.5,11.7,8.8,13.0,24.8,16.1,,,,,,,
2021-12-26 22:00:00+01:00,11.1,-6.3,9.5,11.9,8.9,11.8,26.4,16.1,,,,,,,
2021-12-26 21:00:00+01:00,11.1,-5.8,9.6,12.4,8.8,11.7,27.7,16.1,,,,,,,
2021-12-26 20:00:00+01:00,12.2,-5.1,9.8,12.7,8.8,11.8,28.2,16.1,,,,,,,
2021-12-26 19:00:00+01:00,12.2,-4.6,9.5,12.9,8.8,12.1,28.9,16.1,,,,,,,
2021-12-26 18:00:00+01:00,12.8,-4.6,9.3,12.8,7.9,12.6,29.2,16.1,,,,,,,
2021-12-26 17:00:00+01:00,15.0,-3.7,10.8,13.9,8.9,13.1,28.9,16.1,,,,,,,
2021-12-26 16:00:00+01:00,17.8,-2.7,11.2,13.9,8.9,13.8,27.9,17.2,,,,,,,
2021-12-26 15:00:00+01:00,17.8,-2.3,11.4,13.9,8.8,14.5,26.6,17.2,,,,,,,
2021-12-26 14:00:00+01:00,17.8,-4.5,10.5,15.0,8.2,15.3,25.0,17.2,,,,,,,
2021-12-26 13:00:00+01:00,17.8,-5.5,10.2,15.0,7.7,16.0,22.9,17.2,,,,,,,
2021-12-26 12:00:00+01:00,17.2,-6.5,9.9,15.0,7.3,17.1,20.9,17.2,,,,,,,
2021-12-26 11:00:00+01:00,16.1,-8.5,9.5,13.9,6.9,17.9,19.5,16.1,,,,,,,
2021-12-26 10:00:00+01:00,15.0,-8.9,9.1,12.2,6.4,18.7,18.2,16.1,,,,,,,
2021-12-26 09:00:00+01:00,11.1,-8.7,8.8,12.2,6.3,19.0,18.8,15.0,,,,,,,
2021-12-26 08:00:00+01:00,7.2,-9.9,8.7,10.1,5.9,18.9,19.0,15.0,,,,,,,
2021-12-28 07:00:00+01:00,13.9,-1.7,11.9,10.1,10.0,15.8,21.4,16.1,,,,,,,
2021-12-28 06:00:00+01:00,12.8,-2.3,11.3,10.4,10.4,15.3,22.4,16.1,,,,,,,
2021-12-28 05:00:00+01:00,12.8,-2.8,11.1,9.7,10.6,13.9,22.6,16.1,,,,,,,
2021-12-28 04:00:00+01:00,12.8,-2.8,11.7,10.0,10.2,13.3,22.7,16.1,,,,,,,
2021-12-28 03:00:00+01:00,12.8,-2.6,11.4,10.4,10.6,12.6,22.7,16.1,,,,,,,
2021-12-28 02:00:00+01:00,12.2,-2.4,10.3,10.7,10.0,12.3,23.2,16.1,,,,,,,
2021-12-28 01:00:00+01:00,12.2,-2.4,10.6,11.1,10.2,12.0,23.9,16.1,,,,,,,
2021-12-28 00:00:00+01:00,12.2,-2.4,11.0,11.6,10.5,12.2,24.9,16.1,,,,,,,
2021-12-27 23:00:00+01:00,12.2,-2.4,10.8,11.9,11.0,12.2,25.0,16.1,,,,,,,
2021-12-27 22:00:00+01:00,12.2,-2.5,10.9,12.3,11.3,13.4,26.8,16.1,,,,,,,
2021-12-27 21:00:00+01:00,12.2,-2.5,10.8,12.4,11.2,13.4,29.0,16.1,,,,,,,
2021-12-27 20:00:00+01:00,12.2,-2.9,10.8,12.4,11.3,13.4,28.9,16.1,,,,,,,
2021-12-27 19:00:00+01:00,12.8,-2.5,11.0,13.2,10.2,13.5,29.6,16.1,,,,,,,
2021-12-27 18:00:00+01:00,15.0,-2.5,11.8,12.8,10.9,13.5,29.6,16.1,,,,,,,
2021-12-27 17:00:00+01:00,16.1,-2.5,12.4,13.9,11.1,13.6,32.0,17.2,,,,,,,
2021-12-27 16:00:00+01:00,16.1,-2.4,12.6,13.9,10.5,13.6,30.3,17.2,,,,,,,
2021-12-27 15:00:00+01:00,17.2,-2.3,11.7,13.9,9.7,13.7,29.9,17.2,,,,,,,
2021-12-27 14:00:00+01:00,17.8,-1.7,10.7,12.8,9.3,13.7,28.3,17.8,,,,,,,
2021-12-27 13:00:00+01:00,17.8,-2.5,9.2,11.1,9.6,13.7,25.8,17.2,,,,,,,
2021-12-27 12:00:00+01:00,12.8,-3.6,9.1,8.9,9.3,13.7,23.2,17.2,,,,,,,
2021-12-27 11:00:00+01:00,17.2,-4.9,8.9,7.8,9.1,13.7,21.7,16.1,,,,,,,
2021-12-27 10:00:00+01:00,15.0,-4.9,8.9,6.1,8.7,13.8,20.2,15.0,,,,,,,
2021-12-27 09:00:00+01:00,12.8,-6.0,9.4,6.1,8.5,13.8,20.9,15.0,,,,,,,
2021-12-27 08:00:00+01:00,10.0,-7.6,9.8,6.8,8.2,13.7,21.0,15.0,,,,,,,
2021-12-29 07:00:00+01:00,11.1,2.7,10.0,9.3,8.9,19.5,23.6,15.0,,,,,,,
2021-12-29 06:00:00+01:00,11.1,2.8,10.3,9.5,8.0,18.6,24.6,16.1,,,,,,,
2021-12-29 05:00:00+01:00,12.2,2.9,10.4,9.6,7.8,17.5,24.9,16.1,,,,,,,
2021-12-29 04:00:00+01:00,12.8,2.9,10.5,9.9,7.1,16.6,25.1,16.1,,,,,,,
2021-12-29 03:00:00+01:00,12.8,2.6,10.6,9.1,8.8,15.6,25.3,16.1,,,,,,,
2021-12-29 02:00:00+01:00,12.8,2.6,10.4,9.5,9.4,15.1,25.7,16.1,,,,,,,
2021-12-29 01:00:00+01:00,12.8,2.3,10.9,9.8,10.1,15.0,26.1,16.1,,,,,,,
2021-12-29 00:00:00+01:00,12.8,1.9,11.1,7.0,10.6,15.3,26.3,16.1,,,,,,,
2021-12-28 23:00:00+01:00,12.8,1.4,11.5,8.5,10.7,15.4,26.5,16.1,,,,,,,
2021-12-28 22:00:00+01:00,12.8,2.2,11.6,8.9,10.9,14.5,28.2,16.1,,,,,,,
2021-12-28 21:00:00+01:00,13.9,2.8,11.8,9.1,10.9,14.4,29.2,16.1,,,,,,,
2021-12-28 20:00:00+01:00,13.9,3.2,11.8,10.4,11.1,14.2,30.1,16.1,,,,,,,
2021-12-28 19:00:00+01:00,13.9,3.0,12.0,11.0,11.3,14.4,31.1,16.1,,,,,,,
2021-12-28 18:00:00+01:00,15.0,2.7,11.9,13.9,11.5,14.7,31.7,17.2,,,,,,,
2021-12-28 17:00:00+01:00,15.0,2.5,11.7,15.0,11.6,14.9,31.9,17.2,,,,,,,
2021-12-28 16:00:00+01:00,16.1,2.7,12.2,15.0,11.6,15.2,31.0,17.8,,,,,,,
2021-12-28 15:00:00+01:00,15.0,2.7,12.0,13.9,11.4,15.2,30.0,17.8,,,,,,,
2021-12-28 14:00:00+01:00,16.1,1.6,13.0,13.9,9.3,15.6,28.4,17.2,,,,,,,
2021-12-28 13:00:00+01:00,16.1,1.0,12.4,13.9,9.4,16.1,25.9,17.2,,,,,,,
2021-12-28 12:00:00+01:00,17.2,0.4,12.1,12.8,8.8,16.5,23.2,16.1,,,,,,,
2021-12-28 11:00:00+01:00,16.1,-0.4,11.6,12.8,9.9,17.4,22.0,16.1,,,,,,,
2021-12-28 10:00:00+01:00,15.0,-0.4,12.3,12.2,9.3,16.8,20.8,16.1,,,,,,,
2021-12-28 09:00:00+01:00,15.0,-1.7,11.7,11.1,10.2,16.8,21.4,16.1,,,,,,,
2021-12-28 08:00:00+01:00,15.0,-1.7,12.0,9.9,10.4,16.4,21.5,16.1,,,,,,,
2022-01-03 12:00:00+01:00,17.2,9.5,11.4,11.1,10.2,21.3,24.8,11.1,,,,,,,
2022-01-03 11:00:00+01:00,15.0,9.2,11.1,10.0,10.2,21.3,23.9,11.1,,,,,,,
2022-01-03 10:00:00+01:00,12.8,9.1,11.0,7.8,10.1,22.2,22.8,11.1,,,,,,,
2022-01-03 09:00:00+01:00,11.1,9.1,11.0,7.8,9.8,22.0,23.2,11.1,,,,,,,
2022-01-03 08:00:00+01:00,7.2,8.5,10.9,7.6,9.7,21.3,23.2,11.1,,,,,,,
2022-01-03 07:00:00+01:00,6.1,8.7,10.8,7.5,9.6,22.3,23.3,12.2,,,,,,,
2022-01-03 06:00:00+01:00,7.2,9.1,10.9,6.3,9.6,21.0,24.5,12.2,,,,,,,
2022-01-03 05:00:00+01:00,7.2,9.4,10.9,7.4,9.7,19.3,24.9,12.2,,,,,,,
2022-01-03 04:00:00+01:00,7.2,9.4,11.4,7.7,9.1,17.3,25.2,12.2,,,,,,,
2022-01-03 03:00:00+01:00,7.8,9.6,11.6,7.9,9.5,15.1,25.6,12.2,,,,,,,
2022-01-03 02:00:00+01:00,7.8,9.7,11.9,7.5,9.9,14.3,26.0,12.8,,,,,,,
2022-01-03 01:00:00+01:00,7.8,10.0,12.2,8.2,9.8,14.4,26.3,12.8,,,,,,,
2022-01-03 00:00:00+01:00,7.8,10.4,12.7,8.5,9.8,14.4,26.6,12.8,,,,,,,
2022-01-02 23:00:00+01:00,8.9,10.7,12.9,8.8,10.1,14.4,26.8,12.8,,,,,,,
2022-01-02 22:00:00+01:00,8.9,10.9,13.2,8.8,10.3,16.5,27.5,12.8,,,,,,,
2022-01-02 21:00:00+01:00,10.0,11.1,13.3,8.8,10.5,16.5,28.1,13.9,,,,,,,
2022-01-02 20:00:00+01:00,11.1,11.1,13.5,9.5,11.1,16.5,28.9,14.0,,,,,,,
2022-01-02 19:00:00+01:00,12.2,11.2,13.6,10.7,11.4,16.4,29.2,14.7,,,,,,,
2022-01-02 18:00:00+01:00,13.9,11.3,13.9,10.0,12.0,16.5,29.8,15.4,,,,,,,
2022-01-02 17:00:00+01:00,13.9,11.3,13.4,11.1,11.5,16.8,30.1,16.1,,,,,,,
2022-01-02 16:00:00+01:00,17.8,11.3,14.0,11.1,12.4,17.5,29.0,13.9,,,,,,,
2022-01-02 15:00:00+01:00,17.8,11.2,13.5,11.1,12.2,18.4,27.5,12.8,,,,,,,
2022-01-02 14:00:00+01:00,17.8,11.5,13.4,8.9,12.1,18.2,26.1,12.8,,,,,,,
2022-01-02 13:00:00+01:00,18.9,11.1,13.5,8.9,12.2,18.4,25.1,12.8,,,,,,,
2022-01-03 18:00:00+01:00,12.8,8.8,11.7,13.9,10.2,17.4,31.8,12.8,,,,,,,
2022-01-03 17:00:00+01:00,13.9,8.8,11.0,13.9,10.2,17.4,31.3,12.8,,,,,,,
2022-01-03 16:00:00+01:00,18.9,9.6,12.8,13.9,11.0,17.4,29.9,13.2,,,,,,,
2022-01-03 15:00:00+01:00,18.9,9.9,12.9,13.9,10.9,18.7,29.2,13.3,,,,,,,
2022-01-03 14:00:00+01:00,17.8,10.0,12.4,13.9,10.6,19.5,27.9,12.2,,,,,,,
2022-01-03 13:00:00+01:00,17.8,9.9,11.9,13.9,10.2,20.7,26.3,12.2,,,,,,,
2022-01-03 12:00:00+01:00,17.2,9.5,11.4,11.1,10.2,21.3,24.8,11.1,,,,,,,
2022-01-03 11:00:00+01:00,15.0,9.2,11.1,10.0,10.2,21.3,23.9,11.1,,,,,,,
2022-01-03 10:00:00+01:00,12.8,9.1,11.0,7.8,10.1,22.2,22.8,11.1,,,,,,,
2022-01-03 09:00:00+01:00,11.1,9.1,11.0,7.8,9.8,22.0,23.2,11.1,,,,,,,
2022-01-03 08:00:00+01:00,7.2,8.5,11.0,7.6,9.7,21.3,23.2,11.1,,,,,,,
2022-01-03 07:00:00+01:00,6.1,8.7,10.8,7.5,9.6,22.3,23.3,12.2,,,,,,,
2022-01-03 06:00:00+01:00,7.2,9.1,10.9,6.3,9.6,21.0,24.5,12.2,,,,,,,
2022-01-03 05:00:00+01:00,7.2,9.4,10.9,7.4,9.7,19.3,24.9,12.2,,,,,,,
2022-01-03 04:00:00+01:00,7.2,9.4,11.4,7.7,9.1,17.3,25.2,12.2,,,,,,,
2022-01-03 03:00:00+01:00,7.8,9.6,11.6,7.9,9.5,15.1,25.6,12.2,,,,,,,
2022-01-03 02:00:00+01:00,7.8,9.7,11.9,7.5,9.9,14.3,26.0,12.8,,,,,,,
2022-01-03 01:00:00+01:00,7.8,10.0,12.2,8.2,9.8,14.4,26.3,12.8,,,,,,,
2022-01-03 00:00:00+01:00,7.8,10.4,12.7,8.5,9.8,14.4,26.6,12.8,,,,,,,
2022-01-02 23:00:00+01:00,8.9,10.7,12.9,8.8,10.1,14.4,26.8,12.8,,,,,,,
2022-01-02 22:00:00+01:00,8.9,10.9,13.2,8.8,10.3,16.5,27.5,12.8,,,,,,,
2022-01-02 21:00:00+01:00,10.0,11.1,13.3,8.8,10.5,16.5,28.1,13.9,,,,,,,
2022-01-02 20:00:00+01:00,11.1,11.1,13.5,9.5,11.1,16.5,28.9,14.0,,,,,,,
2022-01-02 19:00:00+01:00,12.2,11.2,13.6,10.7,11.4,16.4,29.2,14.7,,,,,,,
2022-01-04 07:00:00+01:00,7.2,6.2,8.6,11.9,8.7,21.7,25.2,15.0,,,,,,,
2022-01-04 06:00:00+01:00,7.8,7.4,9.2,11.9,8.8,20.7,25.1,15.0,,,,,,,
2022-01-04 05:00:00+01:00,10.0,7.4,10.3,11.9,8.7,19.7,25.4,13.9,,,,,,,
2022-01-04 04:00:00+01:00,8.9,7.4,11.5,11.9,8.6,18.8,25.6,10.0,,,,,,,
2022-01-04 03:00:00+01:00,8.9,7.4,11.4,11.9,9.0,17.7,25.6,10.0,,,,,,,
2022-01-04 02:00:00+01:00,10.0,7.5,11.6,11.9,9.0,15.2,25.9,12.2,,,,,,,
2022-01-04 01:00:00+01:00,12.2,7.6,11.7,11.8,9.2,17.3,26.4,13.9,,,,,,,
2022-01-04 00:00:00+01:00,10.0,7.7,12.0,11.2,9.3,17.6,27.0,12.8,,,,,,,
2022-01-03 23:00:00+01:00,11.1,7.8,12.0,11.9,9.1,17.9,27.3,12.8,,,,,,,
2022-01-03 22:00:00+01:00,11.1,8.1,11.9,12.3,9.8,16.4,28.8,12.8,,,,,,,
2022-01-03 21:00:00+01:00,11.1,8.1,11.9,12.5,9.8,16.7,30.1,12.8,,,,,,,
2022-01-03 20:00:00+01:00,12.2,8.2,11.8,12.6,10.1,17.0,30.7,12.2,,,,,,,
2022-01-03 19:00:00+01:00,12.2,8.5,11.4,13.2,10.1,17.2,31.0,12.2,,,,,,,
2022-01-03 18:00:00+01:00,12.8,8.8,11.7,13.9,10.2,17.4,31.8,12.8,,,,,,,
2022-01-03 17:00:00+01:00,13.9,8.8,11.0,13.9,10.2,17.4,31.3,12.8,,,,,,,
2022-01-03 16:00:00+01:00,18.9,9.6,12.8,13.9,11.0,17.4,29.9,13.2,,,,,,,
2022-01-03 15:00:00+01:00,18.9,9.9,12.9,13.9,10.9,18.7,29.2,13.3,,,,,,,
2022-01-03 14:00:00+01:00,17.8,10.3,12.4,13.9,10.6,19.5,27.9,12.2,,,,,,,
2022-01-03 13:00:00+01:00,17.8,9.9,11.9,13.9,10.2,20.7,26.3,12.2,,,,,,,
2022-01-03 12:00:00+01:00,17.2,9.5,11.4,11.1,10.2,21.3,24.8,11.1,,,,,,,
2022-01-03 11:00:00+01:00,15.0,9.2,11.1,10.0,10.2,21.3,23.9,11.1,,,,,,,
2022-01-03 10:00:00+01:00,12.8,9.1,11.0,7.8,10.1,22.2,22.8,11.1,,,,,,,
2022-01-03 09:00:00+01:00,11.1,9.1,11.0,7.8,9.8,22.0,23.2,11.1,,,,,,,
2022-01-03 08:00:00+01:00,7.2,8.5,10.9,7.6,9.7,21.3,23.2,11.1,,,,,,,
2022-01-05 07:00:00+01:00,7.8,3.2,3.0,11.3,2.4,21.9,24.9,8.9,,,,,,,
2022-01-05 06:00:00+01:00,7.8,3.4,3.1,11.2,1.9,21.3,25.3,11.1,,,,,,,
2022-01-05 05:00:00+01:00,7.8,3.6,3.3,11.3,1.8,19.9,25.5,8.9,,,,,,,
2022-01-05 04:00:00+01:00,8.9,3.9,3.9,11.2,1.7,19.0,25.6,11.1,,,,,,,
2022-01-05 03:00:00+01:00,8.9,3.9,4.2,11.1,1.5,17.6,25.8,11.1,,,,,,,
2022-01-05 02:00:00+01:00,10.0,4.5,4.5,10.6,2.1,17.6,26.0,11.1,,,,,,,
2022-01-05 01:00:00+01:00,8.9,5.1,4.7,11.2,2.2,16.2,26.3,11.1,,,,,,,
2022-01-05 00:00:00+01:00,8.9,5.7,4.8,11.3,2.6,16.8,26.9,11.1,,,,,,,
2022-01-04 23:00:00+01:00,10.0,6.3,5.9,11.5,2.3,17.5,27.2,11.1,,,,,,,
2022-01-04 22:00:00+01:00,10.0,6.5,7.8,11.9,2.2,18.5,27.8,11.1,,,,,,,
2022-01-04 21:00:00+01:00,8.9,6.6,8.5,12.3,2.5,18.6,28.6,12.2,,,,,,,
2022-01-04 20:00:00+01:00,10.0,6.8,8.8,12.7,3.8,18.6,29.2,11.1,,,,,,,
2022-01-04 19:00:00+01:00,11.1,6.9,8.9,13.3,3.9,18.5,29.2,12.2,,,,,,,
2022-01-04 18:00:00+01:00,12.8,7.2,9.6,15.0,3.2,18.5,29.1,12.8,,,,,,,
2022-01-04 17:00:00+01:00,13.9,7.4,9.7,15.0,4.5,18.6,28.8,13.9,,,,,,,
2022-01-04 16:00:00+01:00,17.2,7.7,9.7,15.3,4.5,19.2,28.6,13.9,,,,,,,
2022-01-04 15:00:00+01:00,17.8,7.8,9.4,16.1,4.0,19.9,28.3,12.8,,,,,,,
2022-01-04 14:00:00+01:00,17.8,8.4,8.9,15.0,3.7,20.9,27.8,12.8,,,,,,,
2022-01-04 13:00:00+01:00,18.9,8.2,8.6,13.9,4.9,21.6,26.9,12.2,,,,,,,
2022-01-04 12:00:00+01:00,17.8,7.9,8.3,12.2,6.0,22.8,25.9,11.1,,,,,,,
2022-01-04 11:00:00+01:00,16.1,7.5,8.1,12.2,8.3,23.7,24.7,12.2,,,,,,,
2022-01-04 10:00:00+01:00,13.9,7.1,8.0,11.1,8.4,23.7,24.3,12.2,,,,,,,
2022-01-04 09:00:00+01:00,11.1,7.0,8.0,10.0,8.4,23.4,24.7,12.2,,,,,,,
2022-01-04 08:00:00+01:00,7.8,6.6,8.1,12.0,8.4,22.8,24.9,16.1,,,,,,,
2022-01-06 07:00:00+01:00,7.2,0.7,1.9,8.7,-0.8,21.0,24.6,7.8,,,,,,,
2022-01-06 06:00:00+01:00,7.2,1.3,2.0,9.0,-1.2,20.4,23.7,8.9,,,,,,,
2022-01-06 05:00:00+01:00,7.8,1.9,1.9,9.2,-0.4,20.0,24.3,8.9,,,,,,,
2022-01-06 04:00:00+01:00,7.8,2.5,2.4,9.5,0.3,19.6,24.9,8.9,,,,,,,
2022-01-06 03:00:00+01:00,7.8,2.5,2.9,9.6,-0.2,19.0,25.6,10.0,,,,,,,
2022-01-06 02:00:00+01:00,8.9,4.1,3.5,9.9,0.3,19.0,26.4,10.0,,,,,,,
2022-01-06 01:00:00+01:00,8.9,4.3,4.2,10.1,1.1,18.0,27.1,11.1,,,,,,,
2022-01-06 00:00:00+01:00,8.9,4.5,4.4,10.2,1.4,18.0,28.2,12.2,,,,,,,
2022-01-05 23:00:00+01:00,8.9,4.6,4.8,10.5,3.9,17.4,29.0,12.2,,,,,,,
2022-01-05 22:00:00+01:00,10.0,4.6,5.1,11.1,4.5,19.2,29.4,12.2,,,,,,,
2022-01-05 21:00:00+01:00,10.0,4.6,5.2,12.1,3.6,19.3,29.7,12.8,,,,,,,
2022-01-05 20:00:00+01:00,11.1,4.5,5.6,12.8,3.8,19.3,29.9,13.9,,,,,,,
2022-01-05 19:00:00+01:00,13.9,4.1,4.0,13.4,5.1,19.2,30.3,12.8,,,,,,,
2022-01-05 18:00:00+01:00,15.0,4.1,4.2,15.0,4.0,19.2,30.7,12.8,,,,,,,
2022-01-05 17:00:00+01:00,15.0,3.8,6.6,15.0,6.3,19.3,30.3,13.9,,,,,,,
2022-01-05 16:00:00+01:00,16.1,4.0,6.7,16.1,6.4,19.8,29.9,15.0,,,,,,,
2022-01-05 15:00:00+01:00,20.0,4.0,6.5,17.2,6.3,20.4,29.4,13.9,,,,,,,
2022-01-05 14:00:00+01:00,20.0,4.5,6.9,15.7,6.2,20.8,28.6,15.0,,,,,,,
2022-01-05 13:00:00+01:00,17.8,4.4,5.2,16.1,5.2,21.2,27.2,13.9,,,,,,,
2022-01-05 12:00:00+01:00,17.8,4.3,3.9,16.1,3.1,22.1,25.5,12.8,,,,,,,
2022-01-05 11:00:00+01:00,17.2,4.0,2.8,15.0,2.4,22.7,25.3,12.2,,,,,,,
2022-01-05 10:00:00+01:00,15.0,3.9,2.4,13.9,1.9,23.1,24.3,10.0,,,,,,,
2022-01-05 09:00:00+01:00,12.2,4.0,2.7,11.1,1.9,23.1,24.9,7.8,,,,,,,
2022-01-05 08:00:00+01:00,7.8,3.1,2.9,11.5,2.2,22.3,24.9,8.9,,,,,,,
2022-01-07 07:00:00+01:00,12.2,-0.2,5.0,3.9,3.5,21.4,23.3,11.1,,,,,,,
2022-01-07 06:00:00+01:00,12.2,-0.4,3.4,4.1,5.0,20.6,23.6,11.1,,,,,,,
2022-01-07 05:00:00+01:00,12.2,-0.8,3.3,4.4,5.3,19.7,23.8,12.2,,,,,,,
2022-01-07 04:00:00+01:00,12.2,-1.2,3.1,4.7,4.9,19.2,24.0,11.1,,,,,,,
2022-01-07 03:00:00+01:00,12.2,-1.6,3.0,5.1,6.2,18.0,24.3,11.1,,,,,,,
2022-01-07 02:00:00+01:00,12.8,-1.4,3.9,5.1,6.2,17.2,24.5,11.1,,,,,,,
2022-01-07 01:00:00+01:00,12.8,0.2,4.0,5.7,7.4,16.6,25.0,10.0,,,,,,,
2022-01-07 00:00:00+01:00,12.8,-0.1,4.1,6.3,6.9,17.2,25.6,10.0,,,,,,,
2022-01-06 23:00:00+01:00,12.2,-0.3,4.1,6.9,7.1,17.9,25.6,10.0,,,,,,,
2022-01-06 22:00:00+01:00,12.8,-0.5,4.4,7.3,6.8,19.5,26.2,11.1,,,,,,,
2022-01-06 21:00:00+01:00,13.9,-0.9,4.6,7.8,7.1,19.5,27.4,11.1,,,,,,,
2022-01-06 20:00:00+01:00,15.0,-0.3,4.8,8.4,7.3,19.5,27.2,12.2,,,,,,,
2022-01-06 19:00:00+01:00,15.0,0.3,5.0,9.3,7.0,19.5,29.4,12.2,,,,,,,
2022-01-06 18:00:00+01:00,15.0,0.3,4.2,11.1,6.4,19.8,28.4,13.9,,,,,,,
2022-01-06 17:00:00+01:00,16.1,1.6,6.0,12.8,5.7,19.8,27.6,13.9,,,,,,,
2022-01-06 16:00:00+01:00,16.1,2.9,6.1,12.8,5.2,20.0,26.8,13.9,,,,,,,
2022-01-06 15:00:00+01:00,17.2,3.3,7.1,12.8,4.7,20.0,26.2,13.9,,,,,,,
2022-01-06 14:00:00+01:00,17.8,3.3,6.2,12.2,4.2,20.4,25.5,12.8,,,,,,,
2022-01-06 13:00:00+01:00,17.2,3.2,5.0,12.2,3.2,20.9,25.1,12.8,,,,,,,
2022-01-06 12:00:00+01:00,17.2,1.7,3.9,11.1,0.7,21.5,24.5,12.2,,,,,,,
2022-01-06 11:00:00+01:00,17.2,0.5,2.9,10.0,-0.9,22.5,24.5,11.1,,,,,,,
2022-01-06 10:00:00+01:00,13.9,-0.7,2.6,10.0,-1.1,21.8,23.9,10.0,,,,,,,
2022-01-06 09:00:00+01:00,11.1,-0.9,2.1,10.0,-1.8,21.4,24.4,8.9,,,,,,,
2022-01-06 08:00:00+01:00,7.8,0.2,1.6,8.4,-1.5,21.4,24.5,10.0,,,,,,,
2022-01-08 07:00:00+01:00,10.0,1.6,3.6,0.9,3.5,21.2,22.9,7.2,,,,,,,
2022-01-08 06:00:00+01:00,10.0,1.6,3.2,1.2,2.5,20.4,22.6,6.1,,,,,,,
2022-01-08 05:00:00+01:00,11.1,1.6,3.8,2.0,2.4,19.7,23.0,7.8,,,,,,,
2022-01-08 04:00:00+01:00,11.1,1.6,4.6,2.3,1.7,19.3,23.2,7.8,,,,,,,
2022-01-08 03:00:00+01:00,11.1,1.7,4.8,2.5,1.3,18.9,23.6,7.8,,,,,,,
2022-01-08 02:00:00+01:00,12.2,1.6,5.3,3.1,1.3,18.6,23.8,8.9,,,,,,,
2022-01-08 01:00:00+01:00,12.2,1.8,6.1,3.9,1.2,18.5,23.8,8.9,,,,,,,
2022-01-08 00:00:00+01:00,11.1,1.8,6.9,4.6,1.8,18.4,23.8,8.9,,,,,,,
2022-01-07 23:00:00+01:00,11.1,2.1,6.7,5.7,1.8,18.4,23.8,10.0,,,,,,,
2022-01-07 22:00:00+01:00,11.1,2.2,6.3,6.9,2.4,18.2,24.2,10.0,,,,,,,
2022-01-07 21:00:00+01:00,11.1,2.3,5.2,7.6,2.9,18.5,24.9,11.1,,,,,,,
2022-01-07 20:00:00+01:00,12.2,2.4,7.3,8.3,3.9,18.6,25.3,12.2,,,,,,,
2022-01-07 19:00:00+01:00,12.2,2.5,7.4,9.5,5.2,18.6,25.2,12.2,,,,,,,
2022-01-07 18:00:00+01:00,12.8,2.5,6.1,12.2,4.5,18.6,24.8,13.9,,,,,,,
2022-01-07 17:00:00+01:00,15.0,2.4,8.0,12.8,5.5,18.8,24.5,15.0,,,,,,,
2022-01-07 16:00:00+01:00,16.1,2.4,8.3,13.9,5.7,19.2,24.5,13.9,,,,,,,
2022-01-07 15:00:00+01:00,17.2,3.1,8.2,12.8,6.2,19.8,24.1,15.0,,,,,,,
2022-01-07 14:00:00+01:00,17.8,3.5,7.2,12.8,6.3,20.2,24.1,13.9,,,,,,,
2022-01-07 13:00:00+01:00,17.8,3.0,6.8,12.2,5.9,21.0,23.9,13.9,,,,,,,
2022-01-07 12:00:00+01:00,17.8,2.3,5.1,10.0,4.2,21.7,23.9,12.8,,,,,,,
2022-01-07 11:00:00+01:00,17.2,1.5,5.0,7.8,3.7,21.7,23.3,12.2,,,,,,,
2022-01-07 10:00:00+01:00,16.1,0.9,5.1,2.8,3.8,23.3,23.2,11.1,,,,,,,
2022-01-07 09:00:00+01:00,13.9,0.5,4.4,2.2,4.0,22.6,23.0,11.1,,,,,,,
2022-01-07 08:00:00+01:00,12.8,-0.3,3.9,3.8,4.3,22.1,23.3,11.1,,,,,,,
2022-01-10 08:00:00+01:00,7.8,3.0,3.5,3.9,3.3,16.3,20.4,12.2,,,,,,,
2022-01-10 07:00:00+01:00,7.8,3.0,3.8,3.6,3.1,17.1,20.4,12.2,,,,,,,
2022-01-10 06:00:00+01:00,7.8,3.0,4.2,3.9,2.6,16.7,21.7,12.2,,,,,,,
2022-01-10 05:00:00+01:00,7.8,3.0,4.5,4.1,2.2,16.4,21.8,12.2,,,,,,,
2022-01-10 04:00:00+01:00,9.4,3.0,4.8,4.0,1.7,16.0,22.0,12.2,,,,,,,
2022-01-10 03:00:00+01:00,7.2,2.7,4.7,4.0,2.8,15.6,22.4,12.2,,,,,,,
2022-01-10 02:00:00+01:00,7.8,2.7,4.6,3.6,2.7,15.3,22.5,12.2,,,,,,,
2022-01-10 01:00:00+01:00,7.8,2.1,4.8,3.6,2.4,14.9,22.7,12.8,,,,,,,
2022-01-10 00:00:00+01:00,7.8,2.2,4.8,3.7,2.7,14.6,22.9,12.2,,,,,,,
2022-01-09 23:00:00+01:00,8.9,2.3,4.6,3.1,3.1,14.6,23.1,12.2,,,,,,,
2022-01-09 22:00:00+01:00,10.0,2.6,5.1,4.3,3.2,15.2,23.3,12.2,,,,,,,
2022-01-09 21:00:00+01:00,8.9,2.8,5.4,5.5,4.3,15.2,23.4,12.8,,,,,,,
2022-01-09 20:00:00+01:00,10.0,3.0,5.5,6.5,5.2,15.3,23.6,12.8,,,,,,,
2022-01-09 19:00:00+01:00,10.0,3.1,5.7,6.8,6.3,15.3,23.9,12.8,,,,,,,
2022-01-09 18:00:00+01:00,11.1,3.1,5.7,6.1,7.4,15.4,24.3,12.8,,,,,,,
2022-01-09 17:00:00+01:00,12.8,3.0,5.9,6.1,7.4,15.6,24.5,13.9,,,,,,,
2022-01-09 16:00:00+01:00,12.8,3.0,5.3,6.1,6.5,15.6,24.1,13.9,,,,,,,
2022-01-09 15:00:00+01:00,13.9,3.2,5.3,8.3,6.5,15.7,23.7,14.2,,,,,,,
2022-01-09 14:00:00+01:00,15.0,2.8,4.9,6.1,7.2,15.8,23.4,13.9,,,,,,,
2022-01-09 13:00:00+01:00,15.0,2.0,5.8,7.8,6.3,15.9,23.0,12.8,,,,,,,
2022-01-09 12:00:00+01:00,12.8,1.0,5.6,6.1,3.9,15.9,22.6,12.8,,,,,,,
2022-01-09 11:00:00+01:00,12.8,-0.1,4.6,3.9,2.8,16.1,22.2,12.2,,,,,,,
2022-01-09 10:00:00+01:00,12.2,-0.9,4.8,2.2,2.8,16.1,21.7,11.1,,,,,,,
2022-01-09 09:00:00+01:00,10.0,-1.6,4.9,1.1,3.3,16.1,22.1,11.1,,,,,,,
2022-01-11 07:00:00+01:00,7.2,-3.3,1.8,5.4,8.9,18.0,22.2,10.0,,,,,,,
2022-01-11 06:00:00+01:00,7.2,-3.3,-0.2,5.8,8.6,17.0,22.6,11.1,,,,,,,
2022-01-11 05:00:00+01:00,7.2,-2.9,2.3,5.9,8.7,15.8,22.8,10.0,,,,,,,
2022-01-11 04:00:00+01:00,7.8,-2.9,2.9,5.7,8.7,14.3,23.0,11.1,,,,,,,
2022-01-11 03:00:00+01:00,8.9,-2.5,2.8,5.7,8.9,13.0,23.3,11.1,,,,,,,
2022-01-11 02:00:00+01:00,11.1,-2.3,3.0,5.9,9.2,11.7,23.7,11.1,,,,,,,
2022-01-11 01:00:00+01:00,11.1,-2.1,3.0,5.9,9.1,12.5,24.0,11.1,,,,,,,
2022-01-11 00:00:00+01:00,10.0,-1.8,3.0,5.9,9.0,12.5,24.3,11.1,,,,,,,
2022-01-10 23:00:00+01:00,11.1,-1.5,2.9,5.9,8.8,14.4,24.6,11.1,,,,,,,
2022-01-10 22:00:00+01:00,10.0,0.1,3.1,6.1,8.8,16.2,25.3,11.1,,,,,,,
2022-01-10 21:00:00+01:00,12.2,1.0,3.0,6.5,8.7,16.2,26.1,12.2,,,,,,,
2022-01-10 20:00:00+01:00,12.2,1.8,3.4,7.0,8.6,16.0,26.5,12.8,,,,,,,
2022-01-10 19:00:00+01:00,11.1,2.2,3.6,7.4,8.6,16.0,25.6,12.8,,,,,,,
2022-01-10 18:00:00+01:00,12.2,2.7,3.9,8.7,8.7,15.9,24.9,13.9,,,,,,,
2022-01-10 17:00:00+01:00,12.2,3.4,4.1,8.9,9.0,15.8,24.0,13.9,,,,,,,
2022-01-10 16:00:00+01:00,12.2,4.0,3.7,11.1,8.7,15.9,23.6,13.9,,,,,,,
2022-01-10 15:00:00+01:00,12.8,4.4,4.0,10.0,7.4,16.1,23.4,13.9,,,,,,,
2022-01-10 14:00:00+01:00,12.8,3.8,6.2,8.9,6.4,16.2,22.9,13.9,,,,,,,
2022-01-10 13:00:00+01:00,12.2,3.9,5.5,8.9,6.0,16.4,22.2,13.9,,,,,,,
2022-01-10 12:00:00+01:00,12.2,3.7,3.1,7.8,5.3,16.7,21.4,12.8,,,,,,,
2022-01-10 11:00:00+01:00,12.2,3.3,2.8,7.2,4.5,16.7,20.5,12.8,,,,,,,
2022-01-10 10:00:00+01:00,11.1,3.0,2.8,6.1,4.0,16.9,20.1,12.2,,,,,,,
2022-01-10 09:00:00+01:00,10.0,3.0,1.8,6.1,3.1,16.9,20.4,12.2,,,,,,,
2022-01-10 08:00:00+01:00,7.8,3.0,3.5,3.9,3.3,16.3,20.4,12.2,,,,,,,
2022-01-12 08:00:00+01:00,6.1,-2.2,0.5,3.9,4.8,19.0,23.1,8.9,,,,,,,
2022-01-12 07:00:00+01:00,6.1,-2.5,0.3,3.8,5.0,19.3,23.0,10.0,,,,,,,
2022-01-12 06:00:00+01:00,7.2,-2.9,0.4,2.9,5.6,19.3,23.7,10.0,,,,,,,
2022-01-12 05:00:00+01:00,7.2,-3.4,0.0,3.2,6.1,18.1,23.8,11.1,,,,,,,
2022-01-12 04:00:00+01:00,7.2,-3.1,0.2,3.4,6.3,15.1,23.9,11.1,,,,,,,
2022-01-12 03:00:00+01:00,7.2,-3.0,0.0,3.6,6.8,13.5,24.0,11.1,,,,,,,
2022-01-12 02:00:00+01:00,7.2,-3.0,-2.6,3.4,6.6,12.7,24.2,11.1,,,,,,,
2022-01-12 01:00:00+01:00,7.2,-3.6,0.0,3.8,8.6,12.1,24.4,12.2,,,,,,,
2022-01-12 00:00:00+01:00,7.2,-3.6,-2.0,4.5,7.9,12.4,24.9,12.2,,,,,,,
2022-01-11 23:00:00+01:00,7.8,-4.7,0.4,4.9,9.3,12.6,25.1,12.8,,,,,,,
2022-01-11 22:00:00+01:00,8.9,-4.4,0.7,5.4,9.5,12.6,25.7,12.8,,,,,,,
2022-01-11 21:00:00+01:00,8.9,-4.0,0.9,6.2,9.8,12.8,26.1,13.9,,,,,,,
2022-01-11 20:00:00+01:00,7.8,-4.0,0.1,6.7,9.1,12.8,26.1,13.9,,,,,,,
2022-01-11 19:00:00+01:00,10.0,-1.2,1.4,8.0,10.3,13.1,27.0,15.0,,,,,,,
2022-01-11 18:00:00+01:00,11.1,-0.8,2.1,10.0,10.1,13.5,28.4,17.2,,,,,,,
2022-01-11 17:00:00+01:00,12.2,-0.7,2.8,10.0,10.3,13.8,27.2,17.2,,,,,,,
2022-01-11 16:00:00+01:00,12.8,0.0,2.9,11.1,10.5,14.5,26.2,17.2,,,,,,,
2022-01-11 15:00:00+01:00,12.8,0.3,3.0,11.1,10.4,15.3,26.3,15.0,,,,,,,
2022-01-11 14:00:00+01:00,13.9,-0.4,2.4,11.1,10.3,15.9,25.2,12.8,,,,,,,
2022-01-11 13:00:00+01:00,13.9,-0.7,1.6,11.1,9.6,16.4,24.2,11.1,,,,,,,
2022-01-11 12:00:00+01:00,13.9,-1.4,1.0,11.1,9.5,16.4,23.2,11.1,,,,,,,
2022-01-11 11:00:00+01:00,12.2,-2.3,1.1,11.1,9.1,17.5,22.4,9.7,,,,,,,
2022-01-11 10:00:00+01:00,12.2,-3.0,0.9,8.9,9.4,19.0,22.1,9.3,,,,,,,
2022-01-11 09:00:00+01:00,7.8,-3.1,1.1,7.8,9.2,18.9,22.3,7.8,,,,,,,
2022-01-12 13:00:00+01:00,7.8,1.6,3.3,12.2,6.1,18.2,25.9,12.8,,,,,,,
2022-01-12 12:00:00+01:00,7.8,1.6,2.5,10.0,4.7,19.0,24.7,12.2,,,,,,,
2022-01-12 11:00:00+01:00,7.8,0.4,1.1,8.9,2.4,19.7,23.2,11.1,,,,,,,
2022-01-12 10:00:00+01:00,7.2,-0.1,0.1,7.2,2.6,19.6,22.8,10.0,,,,,,,
2022-01-12 09:00:00+01:00,6.1,-0.6,0.3,7.2,3.8,19.0,23.1,8.9,,,,,,,
2022-01-12 08:00:00+01:00,6.1,-2.2,0.5,3.9,4.8,19.0,23.1,8.9,,,,,,,
2022-01-12 07:00:00+01:00,6.1,-2.5,0.3,3.8,5.0,19.3,23.0,10.0,,,,,,,
2022-01-12 06:00:00+01:00,7.2,-2.9,0.4,2.9,5.6,19.3,23.7,10.0,,,,,,,
2022-01-12 05:00:00+01:00,7.2,-3.4,0.0,3.2,6.1,18.1,23.8,11.1,,,,,,,
2022-01-12 04:00:00+01:00,7.2,-3.1,0.2,3.4,6.3,15.1,23.9,11.1,,,,,,,
2022-01-12 03:00:00+01:00,7.2,-3.0,0.0,3.6,6.8,13.5,24.0,11.1,,,,,,,
2022-01-12 02:00:00+01:00,7.2,-3.0,-2.6,3.4,6.6,12.7,24.2,11.1,,,,,,,
2022-01-12 01:00:00+01:00,7.2,-3.6,0.0,3.8,8.6,12.1,24.4,12.2,,,,,,,
2022-01-12 00:00:00+01:00,7.2,-3.6,-2.0,4.5,7.9,12.4,24.9,12.2,,,,,,,
2022-01-11 23:00:00+01:00,7.8,-4.7,0.4,4.9,9.3,12.6,25.1,12.8,,,,,,,
2022-01-11 22:00:00+01:00,8.9,-4.4,0.7,5.4,9.5,12.6,25.7,12.8,,,,,,,
2022-01-11 21:00:00+01:00,8.9,-4.0,0.9,6.2,9.8,12.8,26.1,13.9,,,,,,,
2022-01-11 20:00:00+01:00,7.8,-4.0,0.1,6.7,9.1,12.8,26.1,13.9,,,,,,,
2022-01-11 19:00:00+01:00,10.0,-1.2,1.4,8.0,10.3,13.1,27.0,15.0,,,,,,,
2022-01-11 18:00:00+01:00,11.1,-0.8,2.1,10.0,10.1,13.5,28.4,17.2,,,,,,,
2022-01-11 17:00:00+01:00,12.2,-0.7,2.8,10.0,10.3,13.8,27.2,17.2,,,,,,,
2022-01-11 16:00:00+01:00,12.8,0.0,2.9,11.1,10.5,14.5,26.2,17.2,,,,,,,
2022-01-11 15:00:00+01:00,12.8,0.3,3.0,11.1,10.4,15.3,26.3,15.0,,,,,,,
2022-01-11 14:00:00+01:00,13.9,-0.4,2.4,11.1,10.3,15.9,25.2,12.8,,,,,,,
2022-01-13 07:00:00+01:00,3.9,2.3,2.3,1.7,1.3,17.1,23.5,7.2,,,,,,,
2022-01-13 06:00:00+01:00,5.0,2.3,1.6,0.9,1.7,16.7,24.3,7.2,,,,,,,
2022-01-13 05:00:00+01:00,5.0,2.4,2.9,1.6,1.8,16.2,24.4,7.8,,,,,,,
2022-01-13 04:00:00+01:00,3.9,2.4,1.7,1.1,3.1,15.2,24.6,10.0,,,,,,,
2022-01-13 03:00:00+01:00,5.0,2.4,3.6,1.8,2.6,14.1,24.8,10.0,,,,,,,
2022-01-13 02:00:00+01:00,5.0,2.4,1.7,1.7,2.6,13.4,25.0,11.1,,,,,,,
2022-01-13 01:00:00+01:00,5.0,2.2,3.9,2.3,3.3,14.1,25.1,11.1,,,,,,,
2022-01-13 00:00:00+01:00,5.0,2.1,2.1,3.0,3.3,14.9,25.5,12.2,,,,,,,
2022-01-12 23:00:00+01:00,6.1,1.7,2.3,3.9,3.5,15.6,25.7,12.2,,,,,,,
2022-01-12 22:00:00+01:00,6.1,2.3,2.7,4.7,3.8,16.5,26.4,12.2,,,,,,,
2022-01-12 21:00:00+01:00,5.0,2.4,5.2,6.0,4.3,16.9,27.2,12.8,,,,,,,
2022-01-12 20:00:00+01:00,6.1,2.7,5.2,7.1,4.6,17.0,28.2,13.9,,,,,,,
2022-01-12 19:00:00+01:00,6.1,2.9,5.1,8.2,5.8,17.0,29.0,15.0,,,,,,,
2022-01-12 18:00:00+01:00,6.1,3.1,5.2,11.1,7.8,17.0,29.4,16.1,,,,,,,
2022-01-12 17:00:00+01:00,6.1,3.3,5.5,12.2,8.0,16.9,29.9,17.2,,,,,,,
2022-01-12 16:00:00+01:00,7.2,3.1,5.5,12.2,8.2,16.9,28.7,16.1,,,,,,,
2022-01-12 15:00:00+01:00,7.8,3.0,4.8,12.8,8.0,17.3,28.3,15.0,,,,,,,
2022-01-12 14:00:00+01:00,7.8,2.5,3.7,12.2,7.3,17.3,27.2,13.9,,,,,,,
2022-01-12 13:00:00+01:00,7.8,1.6,3.3,12.2,6.1,18.2,25.9,12.8,,,,,,,
2022-01-12 12:00:00+01:00,7.8,1.6,2.5,10.0,4.7,19.0,24.7,12.2,,,,,,,
2022-01-12 11:00:00+01:00,7.8,0.4,1.1,8.9,2.4,19.7,23.2,11.1,,,,,,,
2022-01-12 10:00:00+01:00,7.2,-0.1,0.1,7.2,2.6,19.6,22.8,10.0,,,,,,,
2022-01-12 09:00:00+01:00,6.1,-0.6,0.3,7.2,3.8,19.0,23.1,8.9,,,,,,,
2022-01-12 08:00:00+01:00,6.1,-2.2,0.5,3.9,4.8,19.0,23.1,8.9,,,,,,,
2022-01-14 07:00:00+01:00,3.9,4.2,1.8,-0.1,0.1,18.7,24.2,6.1,8.9,-1.2,30.7,3.8,3.9,21.8,4.5
2022-01-14 06:00:00+01:00,2.8,4.2,-0.4,0.2,0.9,17.9,25.4,6.1,7.8,-2.0,29.7,3.9,3.9,27.1,2.2
2022-01-14 05:00:00+01:00,3.9,4.4,2.2,-0.1,0.6,17.1,25.5,6.1,7.8,-3.3,29.2,4.0,3.9,22.9,4.7
2022-01-14 04:00:00+01:00,3.9,4.4,0.0,0.5,1.0,16.4,25.6,6.1,6.1,-4.4,27.2,4.2,3.9,21.4,1.8
2022-01-14 03:00:00+01:00,3.9,4.1,-0.8,0.4,2.7,15.6,25.6,7.2,6.1,-5.0,26.2,4.3,3.9,26.8,1.3
2022-01-14 02:00:00+01:00,5.0,4.7,2.5,0.9,1.8,15.0,25.7,7.8,5.0,-6.8,25.3,3.5,3.9,24.8,4.8
2022-01-14 01:00:00+01:00,5.0,4.7,2.4,1.4,2.0,14.5,25.9,8.9,3.9,-7.4,25.5,4.3,3.9,21.4,4.7
2022-01-14 00:00:00+01:00,5.0,4.7,0.1,2.4,2.8,14.1,26.3,8.9,1.5,-7.8,25.7,3.0,3.9,21.5,1.8
2022-01-13 23:00:00+01:00,5.0,4.7,2.7,2.9,2.7,14.5,26.5,10.0,2.1,-7.6,26.0,3.4,3.9,24.4,5.1
2022-01-13 22:00:00+01:00,5.0,4.9,3.1,3.2,3.1,15.8,27.1,11.1,1.5,-7.5,25.4,3.1,3.9,23.3,5.2
2022-01-13 21:00:00+01:00,5.0,5.0,1.8,4.7,4.0,15.8,27.9,11.1,2.1,-7.6,25.7,3.2,2.8,23.4,3.2
2022-01-13 20:00:00+01:00,5.0,5.1,3.4,6.0,4.9,15.8,28.5,12.8,1.3,-7.1,25.7,2.2,2.8,25.5,5.1
2022-01-13 19:00:00+01:00,5.0,5.3,3.1,8.1,5.1,15.8,28.8,13.9,1.7,-7.2,26.4,2.2,2.8,27.1,5.5
2022-01-13 18:00:00+01:00,5.0,5.4,3.4,12.2,6.7,15.7,29.1,15.0,2.8,-6.6,26.8,1.5,2.8,28.0,5.5
2022-01-13 17:00:00+01:00,5.0,5.4,4.7,12.8,7.2,15.7,29.1,15.0,3.2,-6.4,27.5,1.8,2.8,30.1,5.9
2022-01-13 16:00:00+01:00,6.1,5.6,3.4,12.8,8.4,15.8,28.7,13.9,3.8,-6.3,27.6,1.5,2.8,30.5,5.4
2022-01-13 15:00:00+01:00,6.1,5.4,4.8,12.8,7.4,15.9,28.0,12.8,4.0,-6.6,28.2,1.5,2.8,30.5,7.0
2022-01-13 14:00:00+01:00,6.1,5.6,4.2,12.8,8.0,15.9,27.1,12.2,3.6,-6.6,28.2,0.2,2.8,31.8,6.8
2022-01-13 13:00:00+01:00,6.1,4.9,2.6,12.2,5.1,16.1,26.1,10.0,4.9,-6.3,32.0,-0.6,2.2,30.0,5.9
2022-01-13 12:00:00+01:00,5.0,4.9,3.4,10.0,3.3,16.3,25.0,8.9,5.5,-6.3,33.8,-1.3,2.2,28.2,5.5
2022-01-13 11:00:00+01:00,5.0,3.5,2.4,7.2,1.3,16.5,23.9,7.8,7.0,-6.0,33.8,-1.5,1.1,29.5,4.1
2022-01-13 10:00:00+01:00,5.0,2.9,2.3,5.0,1.1,16.4,23.2,7.2,8.2,-5.2,35.3,-2.2,1.1,27.7,3.4
2022-01-13 09:00:00+01:00,3.9,2.9,2.3,2.8,1.9,16.4,23.4,7.2,10.0,-4.3,35.3,-2.5,1.1,25.9,2.3
2022-01-13 08:00:00+01:00,3.9,2.3,2.1,1.3,1.3,17.7,23.4,7.2,11.1,-3.8,34.1,-3.6,0.0,25.1,2.2
2022-01-15 07:00:00+01:00,1.1,-1.5,1.2,-0.1,2.5,20.0,24.0,7.2,11.1,1.8,30.6,0.3,0.0,19.4,4.4
2022-01-15 06:00:00+01:00,1.1,-1.5,-1.3,0.3,3.0,20.0,24.6,7.2,11.1,1.3,30.6,0.3,0.0,19.8,1.9
2022-01-15 05:00:00+01:00,2.2,-1.4,-1.1,0.6,3.2,18.9,24.7,7.8,8.9,1.1,29.3,0.2,0.0,16.9,1.0
2022-01-15 04:00:00+01:00,1.1,-1.3,-0.8,-0.1,3.4,18.6,25.0,8.9,7.8,0.5,26.4,0.1,0.0,17.0,0.1
2022-01-15 03:00:00+01:00,2.2,0.8,-1.4,-0.6,2.3,18.2,25.4,8.9,7.8,-0.3,24.5,0.3,0.0,16.4,-0.7
2022-01-15 02:00:00+01:00,2.2,2.2,2.9,0.7,3.5,18.1,25.7,10.0,7.2,-1.8,24.5,0.8,0.0,16.6,-0.6
2022-01-15 01:00:00+01:00,2.2,2.2,0.4,1.3,2.5,18.0,26.2,10.0,7.2,-2.4,22.7,0.9,1.1,16.4,3.4
2022-01-15 00:00:00+01:00,2.2,2.7,0.7,1.9,2.8,17.9,26.6,11.1,2.2,-2.4,23.9,1.1,1.1,16.3,2.4
2022-01-14 23:00:00+01:00,2.8,3.6,3.7,3.2,3.6,17.8,27.0,11.1,1.8,-2.6,25.1,1.1,2.2,18.6,1.6
2022-01-14 22:00:00+01:00,2.8,5.0,3.9,3.5,3.8,17.6,28.3,11.1,2.4,-2.3,24.9,-1.0,2.2,19.1,4.2
2022-01-14 21:00:00+01:00,5.0,5.2,4.1,2.4,4.2,17.2,29.3,11.1,1.0,-2.3,25.8,0.1,2.2,21.5,2.7
2022-01-14 20:00:00+01:00,7.8,5.2,4.5,4.9,4.8,16.7,29.7,12.2,2.2,-3.0,26.0,0.9,2.8,22.1,3.4
2022-01-14 19:00:00+01:00,7.2,6.3,5.1,7.7,5.9,16.9,30.3,12.8,2.9,-1.9,26.5,0.2,2.8,25.6,4.1
2022-01-14 18:00:00+01:00,7.8,6.3,4.8,11.1,5.1,17.0,30.5,12.8,3.0,-1.9,26.8,-0.2,2.8,27.1,6.1
2022-01-14 17:00:00+01:00,8.9,7.2,7.2,12.8,8.4,17.1,30.3,13.9,3.8,-2.4,27.4,0.1,2.8,31.3,6.6
2022-01-14 16:00:00+01:00,10.0,7.2,7.5,12.8,8.0,17.6,29.9,12.8,3.8,-2.6,27.8,1.0,6.1,32.6,7.8
2022-01-14 15:00:00+01:00,10.0,6.8,6.9,12.2,8.4,18.3,29.3,12.2,3.3,-2.3,28.5,1.4,6.1,34.3,7.4
2022-01-14 14:00:00+01:00,10.0,6.3,6.1,10.0,8.8,19.1,28.3,11.1,3.8,-2.1,29.2,2.9,6.1,33.3,6.5
2022-01-14 13:00:00+01:00,8.9,6.0,5.0,8.9,5.7,19.9,26.9,7.8,4.2,-2.3,30.4,4.0,6.1,33.0,5.0
2022-01-14 12:00:00+01:00,7.8,6.0,3.2,6.1,3.3,19.9,25.4,7.2,4.2,-1.3,32.2,4.6,5.0,37.8,4.6
2022-01-14 11:00:00+01:00,7.2,5.0,2.5,2.8,0.2,20.7,24.5,7.2,4.9,-0.9,33.1,4.8,5.0,38.0,4.0
2022-01-14 10:00:00+01:00,7.2,5.0,1.9,0.0,0.7,20.4,23.7,6.1,6.1,-1.3,33.6,4.7,5.0,30.9,1.4
2022-01-14 09:00:00+01:00,5.0,4.6,1.6,-2.2,0.1,19.9,24.0,5.0,7.8,-0.5,33.2,4.2,3.9,27.5,3.5
2022-01-14 08:00:00+01:00,3.9,3.6,1.7,-1.3,0.4,19.5,24.0,6.1,7.8,-0.3,33.0,4.1,5.0,25.4,4.3
2022-01-16 07:00:00+01:00,8.9,-0.7,-0.5,1.0,4.1,26.6,23.5,7.2,8.9,-0.7,31.1,-1.4,-2.2,18.4,5.3
2022-01-16 06:00:00+01:00,8.9,-0.6,-0.5,0.7,5.7,26.0,24.6,7.8,7.8,-0.6,30.6,-2.2,-2.2,19.6,4.9
2022-01-16 05:00:00+01:00,8.9,-0.4,-0.6,1.1,5.8,25.2,24.9,7.2,7.8,-1.6,29.8,-1.0,-2.2,17.7,5.3
2022-01-16 04:00:00+01:00,8.9,-0.2,-0.9,1.7,5.9,24.1,25.3,7.8,7.8,-2.1,27.1,-2.2,-2.2,19.2,6.2
2022-01-16 03:00:00+01:00,8.9,0.1,-0.9,2.2,5.1,22.7,25.5,7.8,6.1,-2.7,26.1,-1.4,-2.2,18.0,6.4
2022-01-16 02:00:00+01:00,8.9,0.1,-0.4,2.8,5.5,21.8,25.8,7.8,5.0,-3.0,25.0,-0.3,-2.2,18.2,4.8
2022-01-16 01:00:00+01:00,8.9,-0.3,-0.6,3.5,5.6,21.8,26.1,8.9,5.0,-3.0,25.3,-1.6,-1.1,18.0,4.4
2022-01-16 00:00:00+01:00,8.9,0.1,0.6,3.0,5.5,21.2,26.6,8.9,1.2,-1.4,25.8,-0.8,-2.2,19.0,4.8
2022-01-15 23:00:00+01:00,8.9,0.0,0.0,3.7,4.9,21.1,26.8,8.9,1.8,-0.1,26.2,0.5,-1.1,18.8,6.7
2022-01-15 22:00:00+01:00,7.8,0.2,0.8,4.1,4.6,19.9,27.7,8.9,1.4,0.5,25.2,-0.8,0.0,19.1,5.6
2022-01-15 21:00:00+01:00,8.9,0.6,2.9,6.3,4.0,19.9,28.9,8.9,1.9,2.1,25.8,-0.4,0.0,19.4,6.9
2022-01-15 20:00:00+01:00,10.0,1.1,4.9,8.6,4.7,19.8,29.6,11.1,2.2,3.5,26.8,0.9,0.0,21.2,6.1
2022-01-15 19:00:00+01:00,10.0,1.7,5.2,10.9,5.6,19.6,29.7,12.8,3.3,3.6,26.1,0.0,0.0,21.9,6.8
2022-01-15 18:00:00+01:00,11.1,2.2,6.1,15.0,5.6,19.6,30.2,12.8,3.5,3.6,26.5,0.4,1.1,22.9,7.3
2022-01-15 17:00:00+01:00,11.1,2.9,7.6,15.0,5.4,19.5,29.8,12.8,4.2,2.9,27.2,1.0,0.0,24.4,7.5
2022-01-15 16:00:00+01:00,12.2,3.2,7.6,15.0,4.9,20.0,29.3,12.2,4.9,2.4,27.7,1.2,1.1,24.2,7.8
2022-01-15 15:00:00+01:00,12.8,3.3,7.9,13.9,5.0,20.7,28.6,12.2,4.2,2.4,28.4,1.7,2.2,25.4,7.5
2022-01-15 14:00:00+01:00,12.8,3.2,3.4,12.2,6.1,21.5,27.9,11.1,5.2,2.8,29.6,1.8,2.2,26.9,8.3
2022-01-15 13:00:00+01:00,13.9,2.5,4.9,10.0,5.1,22.0,26.8,8.9,6.2,2.8,30.7,1.1,2.2,27.3,6.8
2022-01-15 12:00:00+01:00,15.0,1.6,2.8,6.8,3.8,22.2,25.5,8.9,6.8,2.8,32.6,1.2,1.1,25.1,6.1
2022-01-15 11:00:00+01:00,12.8,0.4,0.9,3.3,3.7,22.2,24.3,7.8,6.4,2.6,34.0,1.4,1.1,24.1,6.3
2022-01-15 10:00:00+01:00,12.8,-0.4,0.6,0.0,3.6,21.7,23.5,7.2,6.8,2.5,34.2,0.8,0.0,24.8,6.2
2022-01-15 09:00:00+01:00,12.8,-0.4,0.5,-2.2,2.8,20.9,23.9,7.2,8.9,2.7,33.6,0.8,-1.1,24.6,6.1
2022-01-15 08:00:00+01:00,5.2,-1.4,0.8,-0.4,2.4,20.4,24.0,7.2,10.0,2.3,33.2,0.7,-1.1,20.1,5.2
2022-01-17 07:00:00+01:00,2.2,5.0,5.9,2.6,2.5,14.4,23.6,7.2,10.0,-2.1,31.1,0.4,3.9,18.4,0.7
2022-01-17 06:00:00+01:00,2.2,5.0,5.1,1.8,2.1,14.1,24.5,7.2,8.9,-0.7,30.4,0.1,3.9,15.4,0.8
2022-01-17 05:00:00+01:00,2.2,5.0,5.2,2.4,2.4,13.4,24.9,6.1,10.0,-1.2,29.4,-0.3,2.8,17.0,0.9
2022-01-17 04:00:00+01:00,2.2,5.0,5.3,2.9,2.7,12.8,25.3,7.8,8.9,-2.1,26.6,-0.6,2.8,15.4,1.0
2022-01-17 03:00:00+01:00,2.2,5.2,6.1,3.6,3.4,12.0,25.8,7.8,7.8,-3.5,25.5,-1.0,2.8,15.3,1.2
2022-01-17 02:00:00+01:00,2.2,5.2,5.6,4.3,4.1,12.7,26.3,10.0,7.8,-3.7,25.1,-2.1,2.2,17.6,0.9
2022-01-17 01:00:00+01:00,2.8,4.7,5.3,4.2,4.5,13.4,27.0,11.1,7.2,-5.0,24.7,-1.7,2.2,16.9,0.9
2022-01-17 00:00:00+01:00,2.8,4.8,5.4,4.8,6.8,14.3,27.7,11.1,2.7,-6.1,25.0,-2.5,1.1,16.4,1.7
2022-01-16 23:00:00+01:00,2.8,4.8,5.2,5.5,7.8,14.3,28.8,11.1,2.0,-6.7,25.0,-2.1,1.1,19.0,2.7
2022-01-16 22:00:00+01:00,3.9,4.8,5.4,4.8,6.8,14.8,29.3,11.1,2.3,-7.1,24.8,-2.5,1.1,19.3,1.8
2022-01-16 21:00:00+01:00,3.9,4.4,4.8,6.5,6.6,15.0,29.4,11.1,2.0,-6.8,25.3,-2.4,2.2,20.6,4.5
2022-01-16 20:00:00+01:00,3.9,4.4,5.1,8.3,6.1,15.1,29.2,11.1,2.7,-6.7,26.0,-1.4,2.2,21.2,2.9
2022-01-16 19:00:00+01:00,5.0,4.1,4.0,9.9,6.3,15.2,29.6,13.9,2.4,-6.6,26.2,-1.5,0.0,22.4,5.0
2022-01-16 18:00:00+01:00,6.1,4.1,4.5,12.8,8.3,15.2,30.5,13.9,3.3,-6.7,26.5,-1.0,0.0,24.8,4.4
2022-01-16 17:00:00+01:00,7.8,4.1,3.6,15.0,9.1,15.3,30.7,13.9,2.8,-6.6,27.5,-0.2,0.0,24.1,6.4
2022-01-16 16:00:00+01:00,10.0,4.1,3.1,15.0,8.3,16.3,30.0,13.9,3.9,-6.2,27.9,-0.7,0.0,25.4,7.1
2022-01-16 15:00:00+01:00,10.0,3.4,2.9,13.9,7.5,17.7,29.0,12.2,4.5,-5.6,28.6,0.0,0.0,26.5,7.3
2022-01-16 14:00:00+01:00,10.0,3.7,6.2,12.2,8.0,18.8,27.8,8.9,5.4,-4.4,29.4,0.5,0.0,25.2,7.4
2022-01-16 13:00:00+01:00,10.0,2.9,2.6,10.0,6.7,20.6,26.2,7.8,5.6,-3.3,31.3,0.1,0.0,25.3,6.0
2022-01-16 12:00:00+01:00,10.0,1.4,1.4,7.2,6.4,22.4,24.7,7.8,7.4,-2.6,32.9,-0.4,0.0,23.6,6.4
2022-01-16 11:00:00+01:00,10.0,0.9,0.9,2.8,6.0,24.3,24.3,7.8,7.6,-2.0,32.8,-0.8,-1.1,22.9,5.9
2022-01-16 10:00:00+01:00,8.9,-0.1,0.4,1.1,5.8,24.5,23.8,7.2,7.3,-1.5,34.1,-1.8,-2.2,22.7,5.7
2022-01-16 09:00:00+01:00,8.9,-0.3,-0.2,-1.1,6.0,24.0,23.8,7.2,10.0,-1.1,33.7,-2.5,-2.2,22.2,6.1
2022-01-16 08:00:00+01:00,7.8,-0.8,-0.3,0.9,4.3,26.9,23.6,7.2,10.0,-0.8,32.0,-1.3,-2.2,19.2,5.5
2022-01-18 07:00:00+01:00,10.0,-1.4,2.1,1.0,0.3,17.3,25.2,6.1,7.8,-2.0,32.1,-4.8,-1.1,19.4,-2.0
2022-01-18 06:00:00+01:00,10.0,-1.7,2.5,0.2,-0.3,16.2,26.1,6.1,7.2,-2.4,31.4,-4.8,-2.2,18.2,-3.2
2022-01-18 05:00:00+01:00,10.0,-1.7,2.1,0.8,-0.6,15.0,26.5,7.2,7.2,-3.4,31.4,-4.7,-2.2,18.3,0.3
2022-01-18 04:00:00+01:00,7.2,-0.2,2.3,1.4,-0.2,14.3,26.9,7.8,7.2,-4.9,27.0,-4.7,-2.2,17.0,-0.3
2022-01-18 03:00:00+01:00,7.2,0.1,2.5,2.1,1.5,13.7,27.3,7.8,6.1,-5.9,26.1,-4.6,-1.1,16.9,0.5
2022-01-18 02:00:00+01:00,7.2,0.4,2.7,2.8,1.1,13.6,27.8,8.9,5.0,-7.2,25.1,-4.6,1.1,18.5,0.6
2022-01-18 01:00:00+01:00,7.2,-0.3,3.9,3.6,1.3,13.6,28.4,7.8,3.9,-7.5,26.0,-4.2,1.1,18.1,-2.0
2022-01-18 00:00:00+01:00,7.8,-0.1,4.7,4.5,1.7,13.9,29.0,8.9,1.7,-8.3,25.9,-4.4,0.0,18.0,-2.2
2022-01-17 23:00:00+01:00,6.1,0.0,5.2,4.8,1.9,13.9,30.0,10.0,2.9,-7.9,25.9,-3.1,0.0,19.8,-1.5
2022-01-17 22:00:00+01:00,7.2,0.2,5.6,5.7,2.2,14.9,31.2,11.1,3.5,-7.5,24.9,-3.2,0.0,19.1,-1.0
2022-01-17 21:00:00+01:00,7.2,0.9,5.6,5.7,2.9,14.9,31.8,11.1,4.1,-7.1,24.9,-1.9,1.1,19.2,-0.7
2022-01-17 20:00:00+01:00,8.9,1.7,7.0,7.9,3.8,14.8,32.2,12.2,4.3,-6.8,25.7,-0.7,1.1,23.3,0.0
2022-01-17 19:00:00+01:00,8.9,2.3,7.0,9.8,5.6,14.8,32.7,13.9,2.8,-6.7,25.6,-1.3,1.1,21.9,2.4
2022-01-17 18:00:00+01:00,10.0,1.8,7.6,12.8,5.9,14.6,32.8,13.9,3.5,-6.2,26.4,-2.1,1.1,22.8,5.4
2022-01-17 17:00:00+01:00,12.2,2.4,7.6,13.9,8.3,13.2,32.4,15.0,3.5,-5.9,27.4,-1.7,2.2,27.3,6.3
2022-01-17 16:00:00+01:00,12.8,2.4,8.1,13.9,8.5,15.1,31.3,13.9,4.3,-5.8,27.6,-1.5,2.2,25.4,7.9
2022-01-17 15:00:00+01:00,12.8,3.7,7.5,12.8,8.1,15.5,30.2,12.8,5.0,-5.4,28.7,-0.7,2.2,26.5,7.3
2022-01-17 14:00:00+01:00,12.8,6.1,8.0,12.2,7.6,14.6,28.7,12.2,6.6,-5.4,29.8,-0.4,2.2,28.2,5.2
2022-01-17 13:00:00+01:00,12.2,6.8,7.5,10.0,6.8,15.3,27.0,11.1,7.0,-5.0,31.0,0.7,0.0,26.3,4.2
2022-01-17 12:00:00+01:00,12.8,7.0,6.3,6.1,3.6,15.1,25.2,8.9,7.4,-4.2,32.4,0.9,0.0,25.3,0.4
2022-01-17 11:00:00+01:00,11.1,6.7,6.5,2.8,1.5,15.0,24.0,8.9,7.8,-3.3,33.4,1.0,0.0,25.8,-2.0
2022-01-17 10:00:00+01:00,8.9,6.1,5.2,1.1,1.9,15.0,23.0,7.8,7.4,-3.7,32.9,1.1,3.9,23.9,-2.3
2022-01-17 09:00:00+01:00,7.8,5.5,5.5,0.0,1.4,15.0,23.4,5.0,10.0,-1.8,32.3,0.9,3.9,22.0,-1.6
2022-01-17 08:00:00+01:00,3.9,5.1,4.9,2.2,2.0,15.0,23.5,5.0,10.0,-1.8,32.3,0.5,3.9,20.5,-0.1
2022-01-19 07:00:00+01:00,3.9,2.8,4.6,0.1,5.7,19.9,25.0,3.9,7.2,-3.4,30.1,-3.8,1.1,16.6,9.1
2022-01-19 06:00:00+01:00,5.0,3.0,4.5,0.3,5.7,18.5,25.9,3.9,7.2,-2.7,29.4,-3.8,0.0,14.3,9.0
2022-01-19 05:00:00+01:00,5.0,3.0,1.7,0.7,4.8,16.8,26.4,5.0,7.2,-2.8,28.7,-3.9,0.0,14.7,8.4
2022-01-19 04:00:00+01:00,7.2,3.3,4.8,1.1,6.2,14.8,26.9,6.1,7.2,-3.8,27.3,-4.6,0.0,14.1,9.5
2022-01-19 03:00:00+01:00,7.2,3.5,5.0,1.5,5.9,12.7,27.5,6.1,6.1,-3.9,27.1,-5.4,-1.1,17.8,9.5
2022-01-19 02:00:00+01:00,7.2,3.5,2.1,2.0,4.6,11.8,28.0,7.2,5.0,-4.2,25.2,-5.5,-1.1,15.6,9.8
2022-01-19 01:00:00+01:00,2.8,4.3,5.8,2.5,5.7,11.5,28.5,8.9,3.9,-3.3,26.8,-5.8,-1.1,14.1,9.3
2022-01-19 00:00:00+01:00,3.9,4.2,5.9,3.0,5.9,12.0,29.3,10.0,1.3,-3.7,26.7,-6.3,-1.1,16.1,9.1
2022-01-18 23:00:00+01:00,5.0,4.3,5.7,3.7,6.3,12.4,30.2,10.0,1.5,-3.6,26.7,-6.4,-1.1,17.4,8.9
2022-01-18 22:00:00+01:00,6.1,4.6,6.1,4.2,6.8,13.1,31.4,10.0,2.1,-3.6,25.6,-6.3,0.0,18.0,8.6
2022-01-18 21:00:00+01:00,7.2,5.0,6.8,4.9,5.6,13.4,32.1,11.1,1.3,-3.8,26.3,-5.9,0.0,19.3,7.9
2022-01-18 20:00:00+01:00,6.1,5.3,7.2,6.9,4.8,13.8,32.8,10.0,1.4,-4.6,27.4,-5.2,0.0,19.2,8.7
2022-01-18 19:00:00+01:00,7.8,5.2,7.3,9.1,5.5,14.1,33.6,12.8,0.9,-4.9,26.5,-5.1,-1.1,20.8,9.8
2022-01-18 18:00:00+01:00,7.8,5.2,7.3,12.2,6.1,14.6,34.1,13.9,1.2,-4.4,27.6,-4.6,-1.1,22.2,9.7
2022-01-18 17:00:00+01:00,8.9,5.3,8.9,15.0,6.9,15.2,34.2,13.9,1.9,-4.0,28.8,-3.8,0.0,22.1,9.0
2022-01-18 16:00:00+01:00,11.1,5.4,9.2,13.9,6.8,16.2,33.1,12.8,2.3,-3.7,28.7,-3.6,2.2,24.3,9.3
2022-01-18 15:00:00+01:00,11.1,5.4,9.9,15.0,6.6,16.2,31.8,12.2,2.6,-3.5,30.0,-3.2,2.2,23.2,9.8
2022-01-18 14:00:00+01:00,12.2,3.4,8.0,11.1,6.2,17.3,30.2,11.1,2.5,-3.5,30.0,-2.4,2.2,21.1,8.1
2022-01-18 13:00:00+01:00,12.2,2.2,7.2,8.9,4.5,18.9,28.4,8.9,3.2,-3.2,31.7,-3.6,2.8,20.4,7.3
2022-01-18 12:00:00+01:00,12.2,1.6,5.5,7.2,0.6,20.4,26.6,7.8,3.9,-2.9,33.3,-3.9,2.2,21.3,1.7
2022-01-18 11:00:00+01:00,12.2,0.8,3.8,2.8,-0.6,20.4,24.9,7.2,4.7,-2.2,33.3,-3.6,1.1,19.7,5.7
2022-01-18 10:00:00+01:00,12.2,0.0,2.5,1.1,-1.1,21.4,24.1,6.1,4.9,-2.3,34.0,-4.5,1.1,20.1,4.8
2022-01-18 09:00:00+01:00,11.1,0.6,2.3,-1.1,-1.1,21.1,24.8,6.1,6.1,-1.8,33.7,-4.7,-1.1,21.0,3.6
2022-01-18 08:00:00+01:00,10.0,-1.4,2.6,0.6,-0.7,20.3,25.0,6.1,6.1,-1.3,33.7,-3.6,-2.2,19.6,-1.3
2022-01-20 07:00:00+01:00,1.1,1.3,3.9,8.4,3.9,19.3,24.6,3.9,7.8,-0.3,30.1,-2.0,1.1,16.9,1.9
2022-01-20 06:00:00+01:00,1.1,1.6,4.6,8.3,3.4,18.6,25.3,3.9,7.2,-0.7,29.5,-1.8,1.1,13.5,1.8
2022-01-20 05:00:00+01:00,1.1,1.6,3.5,8.2,3.2,17.7,25.5,3.9,7.2,-1.7,29.1,-0.8,1.1,15.2,3.7
2022-01-20 04:00:00+01:00,1.1,2.1,4.1,8.3,3.7,16.6,25.8,6.1,6.1,-2.3,26.6,-1.6,1.1,14.3,3.7
2022-01-20 03:00:00+01:00,2.2,3.4,5.3,8.5,3.0,14.9,26.3,7.8,3.9,-2.9,25.7,-1.5,1.1,14.1,3.9
2022-01-20 02:00:00+01:00,2.2,3.4,6.5,8.7,4.3,13.4,26.9,7.8,2.8,-5.2,25.2,-0.9,1.1,15.7,3.0
2022-01-20 01:00:00+01:00,2.2,3.6,6.8,7.9,5.2,12.4,27.6,8.9,2.2,-6.1,25.0,-1.5,1.1,16.1,3.0
2022-01-20 00:00:00+01:00,2.2,3.4,6.7,8.4,5.6,13.1,28.1,8.9,-0.4,-6.8,25.3,-1.2,0.0,16.1,3.0
2022-01-19 23:00:00+01:00,2.2,3.4,6.6,6.7,5.9,13.1,28.4,10.0,-0.1,-8.0,25.3,-0.2,-1.1,17.7,4.3
2022-01-19 22:00:00+01:00,2.8,3.4,6.4,6.9,6.4,15.0,30.0,10.0,-0.5,-8.3,24.9,-0.9,-1.1,16.9,3.9
2022-01-19 21:00:00+01:00,2.8,3.3,6.3,7.1,7.0,15.4,31.3,8.9,0.4,-7.8,25.5,-0.5,0.0,17.0,4.2
2022-01-19 20:00:00+01:00,2.8,3.3,6.3,7.4,7.5,15.7,31.8,8.9,0.8,-7.9,26.5,-0.1,0.0,20.5,5.1
2022-01-19 19:00:00+01:00,5.0,3.3,6.4,9.2,9.0,15.9,32.5,12.8,1.5,-7.5,26.4,-0.4,1.1,19.8,5.1
2022-01-19 18:00:00+01:00,6.1,3.3,6.9,12.2,8.4,16.1,32.8,13.9,1.9,-7.0,26.9,-0.6,1.1,22.3,8.2
2022-01-19 17:00:00+01:00,7.8,3.5,6.4,12.8,9.0,16.3,32.6,12.8,1.8,-6.9,27.0,-0.9,2.2,26.3,7.3
2022-01-19 16:00:00+01:00,8.9,3.5,6.6,13.9,7.8,17.0,31.6,13.9,2.9,-6.6,28.1,-1.2,2.2,22.3,7.5
2022-01-19 15:00:00+01:00,8.9,3.8,6.3,13.9,8.6,18.3,30.5,12.8,2.6,-6.3,29.2,-2.0,2.2,25.3,7.4
2022-01-19 14:00:00+01:00,10.0,4.4,7.0,11.1,9.5,18.0,29.0,11.1,2.8,-5.7,29.3,-0.6,2.2,26.7,8.4
2022-01-19 13:00:00+01:00,8.9,4.0,6.0,8.9,7.7,18.7,27.3,10.0,3.6,-5.6,31.3,-0.9,2.2,25.0,6.8
2022-01-19 12:00:00+01:00,8.9,3.4,5.8,6.1,6.2,20.4,25.7,7.8,3.2,-5.0,32.4,-1.1,2.2,23.0,7.2
2022-01-19 11:00:00+01:00,10.0,3.4,5.7,2.8,5.4,21.1,24.6,7.2,3.5,-4.1,32.0,-1.5,2.2,23.5,7.2
2022-01-19 10:00:00+01:00,7.8,2.5,5.2,1.1,4.8,21.4,23.9,5.0,4.3,-2.4,33.0,-3.4,2.2,21.3,6.8
2022-01-19 09:00:00+01:00,7.2,1.7,5.3,-1.1,5.8,21.1,24.4,5.0,7.2,-2.7,32.6,-3.8,2.2,20.0,7.3
2022-01-19 08:00:00+01:00,6.1,2.1,1.8,1.4,5.8,20.7,24.8,2.8,7.2,-3.2,32.6,-2.4,1.1,18.5,8.4
2022-01-21 07:00:00+01:00,5.0,-2.6,3.0,4.8,0.0,17.5,24.2,7.8,7.2,3.2,29.0,-3.0,-2.2,19.7,4.7
2022-01-21 06:00:00+01:00,5.0,-2.5,2.9,5.6,1.3,17.2,24.8,5.0,7.2,2.0,29.0,-2.6,-2.2,16.4,4.6
2022-01-21 05:00:00+01:00,5.0,-2.5,2.0,6.1,1.3,17.0,25.1,5.0,7.2,0.5,29.0,-2.6,-2.2,16.3,2.6
2022-01-21 04:00:00+01:00,5.0,-1.9,3.5,6.5,3.0,16.6,25.5,6.1,6.1,-0.9,26.2,-2.9,-2.2,16.1,4.7
2022-01-21 03:00:00+01:00,5.0,-1.6,3.8,7.0,3.2,16.3,26.0,7.8,5.0,-2.5,25.7,-3.0,-2.2,16.2,4.9
2022-01-21 02:00:00+01:00,6.1,-0.5,4.1,7.1,4.1,15.9,26.3,11.1,3.9,-3.6,25.9,-3.9,-2.2,17.0,4.9
2022-01-21 01:00:00+01:00,6.1,-0.3,4.2,7.2,4.2,16.2,26.8,11.1,2.8,-4.3,25.6,-3.1,-2.2,16.7,4.6
2022-01-21 00:00:00+01:00,6.1,-0.1,4.4,7.2,4.0,16.2,27.4,11.1,-0.4,-5.0,25.6,-3.0,-1.1,16.7,4.5
2022-01-20 23:00:00+01:00,6.1,0.1,4.4,7.6,4.2,16.4,28.5,11.1,0.4,-4.7,26.5,-3.0,-2.2,18.7,5.0
2022-01-20 22:00:00+01:00,7.2,0.3,4.5,7.9,4.6,16.4,29.6,11.1,0.4,-10.6,25.3,-4.3,-2.2,17.9,4.6
2022-01-20 21:00:00+01:00,7.2,0.6,2.9,8.0,4.7,16.6,30.2,12.2,0.6,-6.0,26.4,-3.1,-2.2,18.1,4.9
2022-01-20 20:00:00+01:00,7.8,0.8,4.8,8.7,4.8,16.7,30.6,12.2,1.2,-5.3,27.2,-1.9,-2.2,21.1,5.1
2022-01-20 19:00:00+01:00,11.1,1.3,5.0,9.8,5.0,16.7,31.3,12.8,1.6,-5.4,27.2,-2.6,-2.2,20.9,5.2
2022-01-20 18:00:00+01:00,11.1,1.3,4.3,12.2,5.3,16.8,32.0,15.0,2.4,-5.2,27.6,-2.0,-2.2,22.3,4.5
2022-01-20 17:00:00+01:00,12.8,1.8,6.6,12.2,5.7,16.9,32.1,15.0,2.5,-4.4,28.0,-1.4,-1.1,25.3,6.2
2022-01-20 16:00:00+01:00,13.9,3.2,7.0,12.2,6.1,17.2,31.3,13.9,2.3,-3.6,28.1,-0.8,-1.1,24.4,5.8
2022-01-20 15:00:00+01:00,13.9,3.6,7.1,11.1,5.9,17.6,30.2,12.2,3.0,-3.3,28.9,-0.6,0.0,24.4,5.4
2022-01-20 14:00:00+01:00,13.9,3.4,6.9,12.2,5.3,17.8,28.9,11.1,3.3,-2.8,28.9,0.0,0.0,26.3,6.6
2022-01-20 13:00:00+01:00,13.9,2.6,6.3,11.1,5.1,18.1,27.4,10.0,3.5,-2.4,30.0,-0.5,1.1,25.4,3.7
2022-01-20 12:00:00+01:00,12.2,1.9,5.4,10.0,4.1,18.5,25.9,7.8,4.4,-2.0,31.6,-0.9,1.1,25.3,1.6
2022-01-20 11:00:00+01:00,11.1,0.9,5.0,10.0,3.7,18.5,24.7,5.0,5.4,-1.5,31.6,-1.1,2.2,25.0,1.1
2022-01-20 10:00:00+01:00,8.9,0.5,4.3,8.9,3.5,18.3,23.9,6.4,5.9,-0.9,33.2,-1.5,2.2,23.0,0.8
2022-01-20 09:00:00+01:00,5.0,1.1,4.4,7.8,3.5,17.9,24.4,6.6,7.8,-0.1,33.2,-1.6,1.1,22.7,1.3
2022-01-20 08:00:00+01:00,1.1,0.7,3.9,8.9,3.8,19.8,24.5,2.8,7.8,-0.1,32.2,-0.8,1.1,18.3,1.3
2022-01-22 07:00:00+01:00,5.0,2.3,5.3,2.4,3.2,20.4,22.7,6.1,7.8,4.0,26.3,-5.9,-2.8,22.3,4.9
2022-01-22 06:00:00+01:00,5.0,2.8,3.5,2.7,2.0,19.7,23.7,6.1,8.9,3.5,25.6,-6.0,-2.8,20.4,5.0
2022-01-22 05:00:00+01:00,5.0,3.7,5.6,2.0,2.5,19.1,24.0,7.2,7.8,2.5,24.5,-4.7,-2.8,22.6,5.2
2022-01-22 04:00:00+01:00,6.1,3.8,5.6,2.5,2.4,18.5,24.3,7.2,6.1,2.0,27.0,-4.5,-3.9,19.3,5.4
2022-01-22 03:00:00+01:00,7.8,3.8,5.5,3.1,3.2,18.1,24.6,7.8,5.0,0.7,26.1,-4.2,-3.9,20.1,5.5
2022-01-22 02:00:00+01:00,7.8,3.8,1.9,2.6,3.2,18.0,25.0,7.8,3.9,-0.8,26.1,-3.7,-3.9,23.6,3.9
2022-01-22 01:00:00+01:00,7.8,3.0,5.4,3.2,4.6,17.9,25.4,8.9,3.9,-1.5,24.6,-4.7,-2.8,21.3,5.1
2022-01-22 00:00:00+01:00,10.0,2.4,5.1,4.0,4.7,17.9,26.0,8.9,1.4,-3.9,25.7,-4.4,-2.2,21.2,5.2
2022-01-21 23:00:00+01:00,12.2,1.9,5.1,4.7,4.6,17.9,27.1,10.0,1.0,-4.3,25.6,-3.0,-2.2,24.7,5.4
2022-01-21 22:00:00+01:00,11.1,1.5,4.6,5.6,4.4,16.9,28.1,11.1,1.1,-3.2,24.8,-3.6,-2.2,21.4,5.1
2022-01-21 21:00:00+01:00,11.1,1.0,4.8,6.4,4.5,16.9,28.7,11.1,1.4,-3.1,25.2,-3.1,-2.2,28.6,5.5
2022-01-21 20:00:00+01:00,12.2,1.0,4.6,7.2,4.5,16.9,29.7,12.2,1.3,-2.9,26.4,-2.4,-1.1,27.7,5.5
2022-01-21 19:00:00+01:00,12.8,1.1,4.8,9.1,4.5,16.9,30.0,12.8,1.7,-1.7,25.8,-3.3,0.0,32.0,5.7
2022-01-21 18:00:00+01:00,12.8,1.1,4.0,11.1,4.8,16.9,30.3,15.0,0.4,-1.1,25.8,-3.1,0.0,33.9,5.1
2022-01-21 17:00:00+01:00,13.9,1.9,5.9,12.2,4.5,17.0,30.4,15.0,1.0,-0.5,26.8,-2.7,0.0,31.5,6.2
2022-01-21 16:00:00+01:00,15.0,2.7,5.8,12.2,4.3,17.0,29.4,13.9,0.7,-0.4,24.5,-2.4,0.0,28.6,6.2
2022-01-21 15:00:00+01:00,15.0,2.6,5.3,12.2,3.7,17.1,28.2,12.2,0.6,-1.1,26.6,-2.1,0.0,28.0,6.6
2022-01-21 14:00:00+01:00,16.1,2.6,5.7,12.2,4.6,16.9,27.0,11.1,1.4,-0.8,28.0,-2.1,0.0,30.6,6.7
2022-01-21 13:00:00+01:00,15.0,1.6,4.9,11.1,3.0,17.1,26.3,10.0,2.2,0.5,28.8,-2.3,0.0,29.3,5.2
2022-01-21 12:00:00+01:00,13.9,1.6,4.6,10.0,2.6,17.1,25.5,10.0,2.7,0.8,29.7,-2.6,0.0,27.4,5.6
2022-01-21 11:00:00+01:00,13.9,0.7,4.1,7.8,1.0,17.1,24.5,8.9,3.4,1.5,30.5,-1.9,0.0,27.5,3.1
2022-01-21 10:00:00+01:00,11.1,-1.6,3.5,6.1,-1.0,17.3,24.1,7.2,4.4,2.3,27.0,-3.2,-1.1,25.1,4.3
2022-01-21 09:00:00+01:00,7.2,-2.0,3.3,5.0,-1.1,17.4,23.8,6.1,6.1,3.4,27.0,-3.5,-1.1,22.5,4.5
2022-01-21 08:00:00+01:00,6.1,-2.7,3.1,6.0,-0.6,17.7,24.1,7.2,7.2,3.4,30.4,-2.5,-1.1,20.2,4.6
2022-01-23 07:00:00+01:00,1.1,4.2,3.6,0.1,5.8,21.1,23.6,7.2,7.2,7.3,30.3,-10.1,-1.1,27.0,3.5
2022-01-23 06:00:00+01:00,2.2,4.1,4.3,0.6,6.3,20.3,23.6,7.2,7.2,5.1,29.7,-10.5,-1.1,24.3,5.3
2022-01-23 05:00:00+01:00,2.8,4.0,4.4,-0.3,6.4,19.7,23.7,7.8,7.2,3.4,29.2,-9.2,-1.1,24.6,5.6
2022-01-23 04:00:00+01:00,2.8,4.0,3.9,0.5,5.0,19.7,24.0,7.8,6.1,3.7,26.4,-8.8,-1.1,25.2,4.2
2022-01-23 03:00:00+01:00,3.9,3.8,4.7,1.4,6.7,19.1,24.5,7.8,5.0,1.3,24.9,-8.4,-1.1,25.3,6.4
2022-01-23 02:00:00+01:00,2.8,3.8,4.7,0.9,6.7,19.1,25.2,8.9,3.9,0.8,25.0,-7.7,-1.1,26.8,6.2
2022-01-23 01:00:00+01:00,2.8,3.5,4.9,1.4,6.8,19.0,25.8,8.9,3.9,0.6,24.9,-8.8,0.0,26.5,6.7
2022-01-23 00:00:00+01:00,2.2,3.0,4.9,2.0,6.7,19.1,26.6,10.0,2.2,0.0,25.2,-7.3,-1.1,31.6,6.8
2022-01-22 23:00:00+01:00,0.0,2.5,5.0,2.7,6.8,19.1,27.8,10.0,2.8,-0.1,25.7,-6.1,0.0,29.6,6.9
2022-01-22 22:00:00+01:00,0.0,2.1,5.0,3.5,6.7,19.1,29.1,11.1,2.9,0.0,24.2,-5.7,0.0,31.9,5.6
2022-01-22 21:00:00+01:00,1.1,1.6,5.3,3.4,6.6,19.2,29.8,11.1,2.9,0.1,24.6,-4.8,0.0,34.3,7.0
2022-01-22 20:00:00+01:00,2.2,1.1,4.9,5.1,4.3,19.3,30.2,12.2,2.9,0.6,25.8,-3.3,-1.1,32.7,7.2
2022-01-22 19:00:00+01:00,2.2,1.7,5.6,7.3,4.9,19.0,30.7,12.8,3.3,1.0,25.4,-4.9,0.0,37.3,7.1
2022-01-22 18:00:00+01:00,2.8,2.2,5.9,10.0,5.8,19.3,31.0,13.9,4.0,1.7,26.0,-4.9,0.0,39.3,7.1
2022-01-22 17:00:00+01:00,2.8,2.2,6.6,12.2,5.8,19.4,31.0,13.9,4.0,0.9,26.8,-4.8,-1.1,36.7,7.4
2022-01-22 16:00:00+01:00,2.8,3.5,7.4,12.2,7.1,19.6,30.2,13.9,5.1,1.0,25.3,-4.6,-1.1,36.4,7.7
2022-01-22 15:00:00+01:00,3.9,4.0,6.1,12.2,6.4,19.9,29.3,12.2,4.9,1.4,26.6,-4.8,0.0,37.5,6.4
2022-01-22 14:00:00+01:00,3.9,3.6,5.8,11.1,6.4,20.2,28.0,11.1,4.2,1.6,27.9,-3.4,0.0,37.4,6.5
2022-01-22 13:00:00+01:00,3.9,3.6,5.8,8.9,5.9,20.9,26.3,8.9,4.5,2.0,29.2,-4.1,0.0,35.6,6.1
2022-01-22 12:00:00+01:00,5.0,3.3,5.5,7.8,5.6,21.6,24.7,7.2,4.1,2.9,30.2,-4.0,0.0,35.6,5.5
2022-01-22 11:00:00+01:00,5.0,2.7,5.4,5.0,5.6,21.6,23.2,7.2,4.1,3.4,30.2,-3.8,-1.1,35.5,5.8
2022-01-22 10:00:00+01:00,5.0,3.0,5.2,1.1,5.3,21.3,22.1,6.1,5.6,3.8,28.3,-6.2,-2.2,32.7,5.3
2022-01-22 09:00:00+01:00,5.0,3.6,5.3,1.1,4.9,20.7,22.6,5.0,7.8,4.3,28.4,-6.4,-2.2,31.1,6.6
2022-01-22 08:00:00+01:00,5.0,1.8,5.3,2.1,4.4,21.1,22.6,5.0,7.8,4.5,29.0,-4.5,-2.2,26.3,4.9
2022-01-24 07:00:00+01:00,1.1,4.7,-0.1,1.0,4.3,21.9,24.0,7.2,11.1,7.4,29.0,-8.3,-3.9,19.7,5.7
2022-01-24 06:00:00+01:00,2.2,5.1,0.3,1.4,4.6,21.6,24.8,7.2,10.0,7.1,28.2,-9.7,-3.9,19.4,6.0
2022-01-24 05:00:00+01:00,2.2,5.2,0.6,0.7,3.8,21.3,25.1,7.8,8.9,6.8,28.4,-7.8,-5.0,19.3,6.2
2022-01-24 04:00:00+01:00,1.1,5.1,2.3,1.2,5.7,20.9,25.2,7.8,8.9,5.9,26.5,-8.9,-5.0,19.1,6.8
2022-01-24 03:00:00+01:00,1.1,5.0,3.0,0.9,5.9,20.5,25.8,8.9,7.8,5.1,25.7,-8.4,-6.1,19.1,6.9
2022-01-24 02:00:00+01:00,2.2,5.3,3.2,0.8,6.0,20.0,26.4,8.9,7.2,4.4,25.3,-7.6,-7.2,18.9,6.9
2022-01-24 01:00:00+01:00,2.2,5.3,2.6,1.0,4.9,19.9,27.2,10.0,7.2,3.8,25.2,-8.8,-7.2,19.0,4.8
2022-01-24 00:00:00+01:00,-1.1,5.6,3.4,1.5,6.1,20.0,28.3,10.0,5.1,3.6,25.4,-8.2,-6.1,19.0,7.0
2022-01-23 23:00:00+01:00,-2.2,5.7,3.9,2.4,5.9,20.0,29.6,11.1,5.1,3.7,25.8,-7.3,-6.1,20.0,7.0
2022-01-23 22:00:00+01:00,-1.1,5.7,4.9,3.1,5.9,19.7,30.8,10.0,5.0,3.8,24.5,-9.7,-6.1,19.1,6.9
2022-01-23 21:00:00+01:00,0.0,5.9,4.9,3.9,5.9,19.7,31.5,11.1,5.2,3.8,24.5,-8.7,-6.1,19.2,6.5
2022-01-23 20:00:00+01:00,-1.1,6.0,4.9,5.6,5.7,18.9,31.5,11.1,4.8,3.9,26.4,-7.1,-3.9,22.9,6.5
2022-01-23 19:00:00+01:00,1.1,6.1,4.9,8.4,5.2,18.9,32.5,12.8,4.5,3.6,25.8,-8.9,-3.9,32.1,6.5
2022-01-23 18:00:00+01:00,2.8,6.2,4.8,12.2,6.1,19.8,32.6,13.9,5.1,3.3,26.4,-9.1,-3.9,34.1,5.8
2022-01-23 17:00:00+01:00,5.0,6.1,4.7,12.8,6.3,20.0,32.6,13.9,5.9,3.1,27.3,-8.2,0.0,32.0,6.8
2022-01-23 16:00:00+01:00,5.0,6.1,5.9,13.9,5.8,20.4,31.6,12.8,5.5,3.0,26.7,-7.4,0.0,30.2,7.2
2022-01-23 15:00:00+01:00,5.0,6.0,4.1,12.8,6.6,20.7,30.4,12.2,5.6,1.5,27.2,-6.4,1.1,32.6,6.8
2022-01-23 14:00:00+01:00,2.8,5.9,3.8,12.2,6.6,21.0,28.8,11.1,6.3,1.7,29.1,-6.4,0.0,32.5,6.5
2022-01-23 13:00:00+01:00,2.8,5.6,3.9,8.9,6.5,21.7,26.9,8.9,6.4,2.7,30.6,-6.2,0.0,30.3,6.5
2022-01-23 12:00:00+01:00,5.0,5.3,3.8,6.1,6.3,22.8,25.1,7.8,6.2,3.1,32.0,-6.5,0.0,29.3,5.8
2022-01-23 11:00:00+01:00,2.2,4.9,3.7,2.2,6.1,22.8,23.5,7.8,6.1,3.6,32.0,-7.0,0.0,28.9,5.3
2022-01-23 10:00:00+01:00,1.1,4.9,3.8,0.0,6.2,23.5,22.3,6.1,6.2,4.6,31.6,-10.2,-1.1,27.5,3.4
2022-01-23 09:00:00+01:00,2.2,4.5,3.5,-1.1,6.3,23.1,23.2,6.1,7.2,6.0,32.3,-11.1,-1.1,24.7,3.3
2022-01-23 08:00:00+01:00,1.1,4.3,3.5,-0.4,6.0,22.7,23.4,6.1,7.2,6.7,32.6,-8.3,-1.1,26.4,3.2
2022-01-25 07:00:00+01:00,1.1,3.3,-1.0,0.0,3.0,20.0,24.1,7.8,7.8,4.1,30.9,-6.7,1.1,19.2,4.7
2022-01-25 06:00:00+01:00,2.8,3.4,-1.0,0.6,3.1,19.4,25.4,8.9,7.8,3.6,29.8,-7.4,1.1,19.0,5.2
2022-01-25 05:00:00+01:00,2.8,3.4,-1.8,1.4,2.3,19.4,25.8,8.9,7.8,3.1,29.8,-7.9,1.1,19.5,3.3
2022-01-25 04:00:00+01:00,2.2,4.0,-1.0,1.3,3.4,18.5,26.0,8.9,7.8,3.0,26.5,-8.5,1.1,17.8,5.3
2022-01-25 03:00:00+01:00,2.2,4.3,-1.1,2.0,3.6,17.5,26.5,10.0,6.1,2.8,25.5,-8.2,1.1,17.8,5.5
2022-01-25 02:00:00+01:00,2.2,4.2,0.1,2.1,3.7,16.7,27.1,11.1,5.0,2.5,24.9,-7.9,1.1,19.1,5.3
2022-01-25 01:00:00+01:00,2.2,4.4,0.5,3.5,3.8,15.9,28.2,12.2,3.9,2.3,24.8,-6.0,0.0,19.0,5.6
2022-01-25 00:00:00+01:00,1.1,4.4,1.4,3.8,3.7,16.7,29.1,12.2,1.6,2.4,25.0,-8.7,0.0,19.0,5.3
2022-01-24 23:00:00+01:00,1.0,4.6,1.8,3.6,3.9,17.4,30.4,12.6,1.0,2.8,25.4,-8.7,0.0,22.8,5.4
2022-01-24 22:00:00+01:00,1.1,4.8,2.6,4.9,4.1,19.2,31.3,11.1,2.6,0.7,24.0,-10.4,0.0,20.1,4.9
2022-01-24 21:00:00+01:00,0.0,5.3,4.4,5.9,4.2,19.5,32.0,11.1,2.8,2.5,25.3,-10.2,0.0,19.2,5.1
2022-01-24 20:00:00+01:00,0.0,5.7,5.3,6.7,4.3,19.5,32.3,12.8,2.7,2.9,26.5,-9.0,0.0,22.2,5.5
2022-01-24 19:00:00+01:00,0.0,5.8,5.4,8.9,4.5,19.8,32.8,12.8,3.4,4.8,25.8,-10.0,-1.1,21.9,5.7
2022-01-24 18:00:00+01:00,0.0,6.0,6.5,10.6,4.6,20.2,33.0,13.9,2.6,5.3,26.5,-9.5,-1.1,22.2,6.3
2022-01-24 17:00:00+01:00,0.0,6.1,6.9,13.9,4.6,20.2,32.9,13.9,2.9,5.4,26.5,-8.7,-1.1,22.5,6.5
2022-01-24 16:00:00+01:00,0.0,6.2,7.1,13.9,4.7,20.4,32.1,12.8,3.2,5.5,25.1,-11.3,-1.1,23.0,7.7
2022-01-24 15:00:00+01:00,0.0,6.3,7.3,13.9,4.6,21.5,31.0,12.2,2.7,5.8,27.8,-9.9,0.0,25.4,8.0
2022-01-24 14:00:00+01:00,0.0,6.1,5.2,12.8,4.4,22.1,29.3,11.1,3.8,6.1,29.7,-7.9,0.0,27.9,7.5
2022-01-24 13:00:00+01:00,0.0,6.1,4.8,12.2,4.3,23.0,27.2,10.0,4.9,6.1,30.8,-8.4,-1.1,25.5,6.8
2022-01-24 12:00:00+01:00,0.0,6.1,3.1,7.8,4.3,23.0,25.4,8.9,5.9,6.5,30.8,-8.3,-2.2,25.4,3.2
2022-01-24 11:00:00+01:00,0.0,6.1,2.0,2.8,4.4,24.9,23.4,7.8,6.9,6.9,33.2,-8.3,-2.2,26.5,0.6
2022-01-24 10:00:00+01:00,-1.1,6.1,1.3,-1.1,4.5,24.9,22.4,7.2,8.3,7.2,31.7,-12.5,-2.8,23.8,3.4
2022-01-24 09:00:00+01:00,-1.1,6.1,0.7,-1.1,4.7,24.8,23.5,7.2,10.0,7.5,32.2,-13.3,-3.9,24.4,3.7
2022-01-24 08:00:00+01:00,0.0,4.7,1.1,0.8,4.8,22.2,23.8,7.2,10.0,7.7,33.2,-8.3,-3.9,22.5,4.2
2022-01-26 07:00:00+01:00,0.0,4.1,1.2,-1.9,3.4,22.6,24.6,7.8,7.8,5.1,31.5,-6.0,2.2,21.2,6.2
2022-01-26 06:00:00+01:00,1.1,4.1,0.6,-1.6,3.3,21.9,25.3,7.2,7.2,5.1,30.3,-5.3,2.2,19.5,6.2
2022-01-26 05:00:00+01:00,1.1,4.3,0.3,-1.3,3.2,21.2,25.8,7.8,6.1,4.1,29.5,-4.4,2.2,18.4,6.2
2022-01-26 04:00:00+01:00,2.2,4.4,0.4,-1.0,3.3,20.6,26.2,7.8,5.0,3.4,27.5,-3.7,2.2,20.1,6.1
2022-01-26 03:00:00+01:00,2.2,4.4,0.4,-0.7,3.1,20.0,26.8,8.9,3.9,2.6,26.4,-2.8,2.2,18.7,5.7
2022-01-26 02:00:00+01:00,1.1,4.4,1.3,0.3,2.4,19.6,27.3,8.9,3.9,1.7,26.0,-1.4,2.2,19.1,4.5
2022-01-26 01:00:00+01:00,1.1,4.4,0.8,0.7,3.4,19.3,28.1,10.0,3.9,1.3,25.7,-2.8,2.8,18.7,4.9
2022-01-26 00:00:00+01:00,1.1,4.4,1.1,1.4,3.1,19.3,29.0,10.0,3.9,0.7,25.9,-0.9,2.8,18.8,5.3
2022-01-25 23:00:00+01:00,1.1,4.4,0.1,2.2,2.3,19.3,29.5,10.0,3.9,-3.5,25.9,0.2,2.8,19.1,3.5
2022-01-25 22:00:00+01:00,-2.2,4.4,1.4,3.2,2.5,19.4,31.5,11.1,3.7,0.0,25.6,-0.2,2.8,18.9,5.2
2022-01-25 21:00:00+01:00,1.1,4.5,1.4,4.4,2.1,19.4,32.6,11.1,4.0,0.1,25.6,0.2,2.8,19.1,3.8
2022-01-25 20:00:00+01:00,2.2,4.5,1.6,5.9,2.6,19.2,32.7,11.1,4.1,0.7,27.3,0.0,2.2,20.2,3.7
2022-01-25 19:00:00+01:00,1.1,4.5,1.8,7.7,2.5,19.4,33.6,12.8,4.7,0.6,25.8,0.2,2.2,22.0,6.4
2022-01-25 18:00:00+01:00,1.1,4.6,2.0,11.1,2.6,19.4,33.9,13.9,5.1,1.7,26.4,0.2,2.2,22.8,6.9
2022-01-25 17:00:00+01:00,2.8,4.6,1.9,12.2,2.7,19.4,33.4,15.0,5.0,2.3,28.0,0.2,2.2,23.5,7.3
2022-01-25 16:00:00+01:00,2.8,4.6,1.8,12.2,3.0,19.7,32.7,13.9,4.9,3.1,28.0,0.1,2.2,25.5,7.2
2022-01-25 15:00:00+01:00,2.2,4.6,1.5,11.1,3.0,20.1,31.4,12.8,4.2,3.5,29.7,0.0,2.2,24.5,7.1
2022-01-25 14:00:00+01:00,2.2,4.4,1.0,10.0,2.9,20.4,29.7,12.8,5.2,3.8,31.0,-2.3,2.2,25.0,6.6
2022-01-25 13:00:00+01:00,1.1,4.2,0.5,10.0,3.0,20.8,27.7,12.2,6.4,4.0,31.2,-2.2,2.2,25.4,6.2
2022-01-25 12:00:00+01:00,2.2,4.0,0.3,7.2,2.7,21.5,25.7,10.0,6.7,4.2,32.7,-3.1,2.2,25.4,6.0
2022-01-25 11:00:00+01:00,2.2,3.7,-0.1,5.0,2.5,22.1,24.0,8.9,7.0,4.6,33.0,-4.5,2.2,23.4,5.3
2022-01-25 10:00:00+01:00,1.1,3.5,-0.1,1.1,2.5,22.1,22.7,7.8,7.4,4.5,33.9,-2.9,1.1,23.0,5.3
2022-01-25 09:00:00+01:00,0.0,3.5,-0.2,-1.1,2.6,21.9,23.6,7.8,7.2,5.8,34.4,-3.4,1.1,22.6,5.3
2022-01-25 08:00:00+01:00,0.0,3.3,-0.5,1.1,2.8,21.7,23.8,7.8,7.8,6.3,34.4,-6.3,1.1,20.2,5.3
2022-01-27 07:00:00+01:00,2.8,4.1,2.7,2.6,7.7,23.8,25.6,11.1,11.1,2.7,32.1,-1.0,2.2,18.3,9.3
2022-01-27 06:00:00+01:00,2.8,4.1,1.5,3.3,7.5,23.3,26.1,11.1,11.1,2.2,31.8,-2.5,2.2,16.8,10.1
2022-01-27 05:00:00+01:00,3.7,4.2,2.8,4.6,6.9,21.9,26.4,11.1,10.0,1.3,30.5,-2.7,1.1,17.8,10.1
2022-01-27 04:00:00+01:00,2.8,4.2,1.5,4.8,6.1,21.3,26.8,12.2,10.0,0.6,28.5,-2.9,1.1,17.8,11.1
2022-01-27 03:00:00+01:00,-1.1,4.1,3.1,5.8,6.0,20.6,27.3,12.2,8.9,-0.3,26.7,-3.2,1.1,17.7,9.8
2022-01-27 02:00:00+01:00,1.1,3.8,2.9,5.4,5.5,20.2,28.0,12.2,7.8,-1.4,26.5,-3.9,1.1,20.8,9.4
2022-01-27 01:00:00+01:00,1.1,3.8,2.9,6.2,5.5,20.2,28.6,12.2,7.8,-3.2,25.6,-3.2,2.2,18.7,9.7
2022-01-27 00:00:00+01:00,0.0,3.7,2.9,6.5,6.0,20.3,29.1,12.2,4.2,-2.9,25.8,-4.2,2.2,20.1,9.3
2022-01-26 23:00:00+01:00,0.0,3.4,3.0,6.7,6.1,20.4,30.2,12.2,2.3,-2.6,27.0,-3.7,2.2,21.3,9.7
2022-01-26 22:00:00+01:00,0.0,3.2,3.3,6.7,5.8,20.4,31.5,12.2,2.5,-2.5,26.3,-4.1,2.2,21.0,9.4
2022-01-26 21:00:00+01:00,0.0,2.8,3.4,6.2,7.4,20.7,33.1,12.2,2.5,-2.1,27.1,-4.0,2.8,20.2,9.3
2022-01-26 20:00:00+01:00,0.0,2.7,3.5,7.3,7.5,20.9,33.5,12.2,3.6,-1.8,27.5,-3.2,2.8,22.5,8.8
2022-01-26 19:00:00+01:00,2.2,2.5,3.5,8.9,7.5,21.0,34.1,12.8,3.5,-1.4,27.6,-3.7,2.8,21.9,8.9
2022-01-26 18:00:00+01:00,2.2,3.5,3.5,11.1,7.7,21.2,34.4,13.9,3.4,-1.2,27.8,-3.7,2.8,24.0,9.2
2022-01-26 17:00:00+01:00,5.0,3.6,3.7,12.2,8.0,21.4,34.3,13.9,4.5,-1.0,28.0,-3.6,2.8,25.3,8.9
2022-01-26 16:00:00+01:00,6.1,3.7,3.8,12.2,8.1,21.6,33.0,12.8,4.3,-0.6,28.5,-6.3,2.8,24.5,8.9
2022-01-26 15:00:00+01:00,6.1,3.7,3.5,12.2,7.6,21.6,31.3,12.8,4.7,0.1,28.5,-5.3,2.2,25.4,9.0
2022-01-26 14:00:00+01:00,5.0,4.0,3.3,10.0,6.9,22.0,29.3,12.2,6.5,1.0,29.5,-2.8,2.2,26.6,8.7
2022-01-26 13:00:00+01:00,6.1,4.0,2.9,7.8,6.2,22.7,27.3,10.0,6.1,1.9,31.0,-3.0,2.2,27.6,8.1
2022-01-26 12:00:00+01:00,5.0,3.8,2.6,6.1,5.3,23.2,25.2,10.0,6.5,2.8,31.5,-3.0,2.8,26.4,7.4
2022-01-26 11:00:00+01:00,5.0,3.7,2.0,2.2,5.0,23.4,23.6,8.9,5.7,3.7,31.5,-3.1,2.8,24.5,6.5
2022-01-26 10:00:00+01:00,5.0,3.7,1.0,-1.1,5.2,23.6,22.5,7.8,7.0,3.8,34.1,-6.5,2.2,25.0,5.2
2022-01-26 09:00:00+01:00,2.8,3.7,1.7,-2.8,4.0,23.8,23.7,7.8,7.8,4.8,33.8,-6.5,2.2,24.6,5.5
2022-01-26 08:00:00+01:00,1.1,4.0,0.8,-0.3,2.4,23.2,24.1,7.8,7.8,4.9,34.0,-3.6,1.1,21.7,5.4
