,Athens,Berlin
2021-11-17 16:00:00+01:00,7.393583245,2.045301934
2021-11-17 17:00:00+01:00,7.718234126,7.059682445
2021-11-17 18:00:00+01:00,10.57866051,0.032366314
2021-11-17 19:00:00+01:00,1.968715889,1.297127628
2021-11-17 20:00:00+01:00,6.530310459,4.646464559
2021-11-17 21:00:00+01:00,2.731719878,2.362360712
2021-11-17 22:00:00+01:00,8.734265783,7.8717609
2021-11-17 23:00:00+01:00,7.956323439,1.05348746
2021-11-18 00:00:00+01:00,6.323948813,0.453913177
2021-11-18 01:00:00+01:00,3.044977987,0.413594936
2021-11-18 02:00:00+01:00,5.161454597,3.743689309
2021-11-18 03:00:00+01:00,1.075825877,0.999768697
2021-11-18 04:00:00+01:00,11.62559527,7.796799297
2021-11-18 05:00:00+01:00,11.92932027,3.996446069
2021-11-18 06:00:00+01:00,10.40425984,1.192027643
2021-11-18 07:00:00+01:00,11.42945413,9.146545077
2021-11-18 08:00:00+01:00,1.813403639,1.578057527
2021-11-18 09:00:00+01:00,2.374676366,1.347981606
2021-11-18 10:00:00+01:00,5.256074974,2.411612852
2021-11-18 11:00:00+01:00,12.13687882,7.470628348
2021-11-18 12:00:00+01:00,0.600331243,0.151312665
2021-11-18 13:00:00+01:00,1.163874426,0.196631468
2021-11-18 14:00:00+01:00,8.476285124,3.401106176
2021-11-18 15:00:00+01:00,1.404983795,0.895120094
2021-11-18 16:00:00+01:00,2.820247014,1.457944352
2021-11-18 17:00:00+01:00,4.041475458,3.565099045
2021-11-18 18:00:00+01:00,8.258996963,3.996773256
2021-11-18 19:00:00+01:00,2.598229487,2.460592432
2021-11-18 20:00:00+01:00,0.998139912,0.178822608
2021-11-18 21:00:00+01:00,8.328695343,7.225280496
2021-11-18 22:00:00+01:00,9.273608382,3.924060185
2021-11-18 23:00:00+01:00,11.89580577,11.80637012
2021-11-19 00:00:00+01:00,1.118281585,0.674671069
2021-11-19 01:00:00+01:00,9.704370859,2.467267218
2021-11-19 02:00:00+01:00,11.39999393,3.3826923
2021-11-19 03:00:00+01:00,6.815231673,3.017694648
2021-11-19 04:00:00+01:00,12.04893939,8.297612561
2021-11-19 05:00:00+01:00,6.37298677,3.616763517
2021-11-19 06:00:00+01:00,12.15304424,4.846483746
2021-11-19 07:00:00+01:00,6.504400564,4.359367703
2021-11-19 08:00:00+01:00,4.523117745,1.574608293
2021-11-19 09:00:00+01:00,6.610468712,2.387897475
2021-11-19 10:00:00+01:00,11.90412148,9.982552086
2021-11-19 11:00:00+01:00,7.678482536,0.234296796
2021-11-19 12:00:00+01:00,1.809722767,1.333690853
2021-11-19 13:00:00+01:00,8.519703909,7.106103409
2021-11-19 14:00:00+01:00,8.183944677,4.567826508
2021-11-19 15:00:00+01:00,8.571364217,1.09957971
2021-11-19 16:00:00+01:00,7.725196615,4.690846668
2021-11-19 17:00:00+01:00,6.515777406,2.895496005
2021-11-19 18:00:00+01:00,1.360013117,1.174900582
2021-11-19 19:00:00+01:00,4.281067005,2.061898288
2021-11-19 20:00:00+01:00,6.816710174,1.629434007
2021-11-19 21:00:00+01:00,2.326703576,1.007655092
2021-11-19 22:00:00+01:00,7.51457379,3.546230924
2021-11-19 23:00:00+01:00,7.288076065,4.622819077
2021-11-20 00:00:00+01:00,8.203077788,1.856415805
2021-11-20 01:00:00+01:00,5.354422293,4.093256067
2021-11-20 02:00:00+01:00,6.133539832,3.107098862
2021-11-20 03:00:00+01:00,2.595243452,0.742999463
2021-11-20 04:00:00+01:00,6.029957655,3.753070806
2021-11-20 05:00:00+01:00,6.452647412,1.642900579
2021-11-20 06:00:00+01:00,2.124740435,1.27990872
2021-11-20 07:00:00+01:00,3.384359264,3.207359586
2021-11-20 08:00:00+01:00,5.232639354,5.147254142
2021-11-20 09:00:00+01:00,1.924738339,0.044222788
2021-11-20 10:00:00+01:00,5.270487664,3.109405492
2021-11-20 11:00:00+01:00,7.972461065,7.080363667
2021-11-20 12:00:00+01:00,6.940412499,4.250439966
2021-11-20 13:00:00+01:00,4.218748088,3.129350818
2021-11-20 14:00:00+01:00,8.904544214,5.5046856
2021-11-20 15:00:00+01:00,4.100121432,2.818200702
2021-11-20 16:00:00+01:00,6.960362305,4.750763235
2021-11-20 17:00:00+01:00,11.39120619,3.527345089
2021-11-20 18:00:00+01:00,2.43404411,0.713423316
2021-11-20 19:00:00+01:00,11.57928267,4.986563881
2021-11-20 20:00:00+01:00,1.486858802,0.113907342
2021-11-20 21:00:00+01:00,4.329163905,1.058851159
2021-11-20 22:00:00+01:00,2.092789852,1.725478474
2021-11-20 23:00:00+01:00,6.037720488,1.137842048
2021-11-21 00:00:00+01:00,7.824756175,6.715528313
2021-11-21 01:00:00+01:00,3.180982613,3.061496716
2021-11-21 02:00:00+01:00,3.117173316,1.921584757
2021-11-21 03:00:00+01:00,1.206802694,0.956058487
2021-11-21 04:00:00+01:00,7.789325078,6.153256507
2021-11-21 05:00:00+01:00,2.202709345,1.311542421
2021-11-21 06:00:00+01:00,5.69357952,5.119287677
2021-11-21 07:00:00+01:00,7.254546947,4.6126339
2021-11-21 08:00:00+01:00,3.692737727,3.516754804
2021-11-21 09:00:00+01:00,12.10877367,5.575954057
2021-11-21 10:00:00+01:00,6.561025284,4.844639812
2021-11-21 11:00:00+01:00,3.999997769,0.460971674
2021-11-21 12:00:00+01:00,5.090720926,3.192974851
2021-11-21 13:00:00+01:00,0.937672568,0.577752686
2021-11-21 14:00:00+01:00,6.844442461,4.79406407
2021-11-21 15:00:00+01:00,8.728203979,5.126158398
2021-11-21 16:00:00+01:00,6.340875364,4.418033159
2021-11-21 17:00:00+01:00,8.398155571,5.070859067
2021-11-21 18:00:00+01:00,1.836753259,0.213427006
2021-11-21 19:00:00+01:00,0.53069308,0.222278179
2021-11-21 20:00:00+01:00,3.229650255,2.568411039
2021-11-21 21:00:00+01:00,4.997310731,1.265252918
2021-11-21 22:00:00+01:00,12.13964021,10.30917298
2021-11-21 23:00:00+01:00,1.010716252,0.14632632
2021-11-22 00:00:00+01:00,4.338049408,0.774603941
2021-11-22 01:00:00+01:00,6.520244504,0.183895811
2021-11-22 02:00:00+01:00,9.326932882,2.930933034
2021-11-22 03:00:00+01:00,2.711951934,0.561331029
2021-11-22 04:00:00+01:00,0.529912263,0.467340423
2021-11-22 05:00:00+01:00,10.58709762,4.209717577
2021-11-22 06:00:00+01:00,7.430058475,5.313146996
2021-11-22 07:00:00+01:00,4.843039896,4.025227064
2021-11-22 08:00:00+01:00,5.265241694,5.060496543
2021-11-22 09:00:00+01:00,9.242709142,1.239908504
2021-11-22 10:00:00+01:00,7.533785097,4.920461998
2021-11-22 11:00:00+01:00,1.37069831,1.217077527
2021-11-22 12:00:00+01:00,3.353722265,1.635260087
2021-11-22 13:00:00+01:00,4.321352605,2.736568027
2021-11-22 14:00:00+01:00,2.920312691,0.647665199
2021-11-22 15:00:00+01:00,4.00261557,1.544494025
2021-11-22 16:00:00+01:00,3.134391959,3.039117051
2021-11-22 17:00:00+01:00,2.824714037,0.420786054
2021-11-22 18:00:00+01:00,9.548255522,1.443039055
2021-11-22 19:00:00+01:00,10.95836723,3.474799178
2021-11-22 20:00:00+01:00,5.10005258,0.154696361
2021-11-22 21:00:00+01:00,11.70074663,1.879179263
2021-11-22 22:00:00+01:00,5.404462577,3.171991059
2021-11-22 23:00:00+01:00,8.446636017,6.683538563
2021-11-23 00:00:00+01:00,2.146233718,1.566299838
2021-11-23 01:00:00+01:00,2.204207496,1.24987439
2021-11-23 02:00:00+01:00,4.32665316,1.237656007
2021-11-23 03:00:00+01:00,7.209141904,4.56680025
2021-11-23 04:00:00+01:00,4.287822619,3.496768101
2021-11-23 05:00:00+01:00,8.226807891,3.553625696
2021-11-23 06:00:00+01:00,6.623945471,2.561588839
2021-11-23 07:00:00+01:00,8.700442844,8.514386047
2021-11-23 08:00:00+01:00,0.752676613,0.057471423
2021-11-23 09:00:00+01:00,1.105193539,0.75387608
2021-11-23 10:00:00+01:00,8.752100902,6.05367777
2021-11-23 11:00:00+01:00,1.347142336,0.543407886
2021-11-23 12:00:00+01:00,0.7072561,0.485254365
2021-11-23 13:00:00+01:00,8.844319614,4.080634001
2021-11-23 14:00:00+01:00,0.511797792,0.192241662
2021-11-23 15:00:00+01:00,9.296946414,5.237863581
2021-11-23 16:00:00+01:00,6.021048305,2.021182025
2021-11-23 17:00:00+01:00,11.56548483,10.38462141
2021-11-23 18:00:00+01:00,6.888760199,0.867352447
2021-11-23 19:00:00+01:00,1.599144461,1.539967638
2021-11-23 20:00:00+01:00,7.338036164,2.262380791
2021-11-23 21:00:00+01:00,10.61393607,1.366130475
2021-11-23 22:00:00+01:00,0.680769438,0.649973035
2021-11-23 23:00:00+01:00,1.128255132,0.852625201
2021-11-24 00:00:00+01:00,7.391036634,1.34337318
2021-11-24 01:00:00+01:00,3.166882854,0.706600759
2021-11-24 02:00:00+01:00,11.74339081,4.342336197
2021-11-24 03:00:00+01:00,5.38783369,4.098953743
2021-11-24 04:00:00+01:00,4.949215571,2.809069054
2021-11-24 05:00:00+01:00,3.974492572,2.264075231
2021-11-24 06:00:00+01:00,10.07367228,3.98724046
2021-11-24 07:00:00+01:00,9.927239834,2.618190243
2021-11-24 08:00:00+01:00,3.431599224,1.549810377
2021-11-24 09:00:00+01:00,8.636679154,6.254894354
2021-11-24 10:00:00+01:00,5.928552307,1.756357337
2021-11-24 11:00:00+01:00,1.521865524,1.2482399
2021-11-24 12:00:00+01:00,2.762690125,1.953967259
2021-11-24 13:00:00+01:00,8.260469203,3.51349539
2021-11-24 14:00:00+01:00,7.985434554,0.877704594
2021-11-24 15:00:00+01:00,4.975543071,2.293696309
2021-11-24 16:00:00+01:00,0.835507069,0.32623162
2021-11-24 17:00:00+01:00,12.13580935,2.540810913
2021-11-24 18:00:00+01:00,12.02158239,8.823177685
2021-11-24 19:00:00+01:00,11.39225921,3.259799208
2021-11-24 20:00:00+01:00,3.699139137,3.302443835
2021-11-24 21:00:00+01:00,2.843450466,2.767370106
2021-11-24 22:00:00+01:00,11.6302924,6.660824928
2021-11-24 23:00:00+01:00,3.560739717,2.733204519
2021-11-25 00:00:00+01:00,8.593413082,2.509570572
2021-11-25 01:00:00+01:00,8.455008209,3.627849258
2021-11-25 02:00:00+01:00,2.239726534,1.396544969
2021-11-25 03:00:00+01:00,6.260169835,2.249140895
2021-11-25 04:00:00+01:00,3.902245818,1.863125036
2021-11-25 05:00:00+01:00,6.767316806,1.167780974
2021-11-25 06:00:00+01:00,5.686458907,3.656406929
2021-11-25 07:00:00+01:00,11.70290442,3.892991562
2021-11-25 08:00:00+01:00,11.22224819,4.050090747
2021-11-25 09:00:00+01:00,6.749670241,5.169929088
2021-11-25 10:00:00+01:00,9.337444744,6.42355947
2021-11-25 11:00:00+01:00,3.722510681,1.415654056
2021-11-25 12:00:00+01:00,3.344928764,2.169479331
2021-11-25 13:00:00+01:00,1.681956628,1.14252738
2021-11-25 14:00:00+01:00,1.561795397,1.314665433
2021-11-25 15:00:00+01:00,7.380711981,6.082407327
2021-11-25 16:00:00+01:00,8.81086419,5.028424633
2021-11-25 17:00:00+01:00,2.056729158,1.45189793
2021-11-25 18:00:00+01:00,10.33914886,4.687301674
2021-11-25 19:00:00+01:00,5.382626529,4.374354565
2021-11-25 20:00:00+01:00,8.106164423,5.960971168
2021-11-25 21:00:00+01:00,11.74942349,9.390665857
2021-11-25 22:00:00+01:00,3.384632256,2.362374198
2021-11-25 23:00:00+01:00,9.687709845,9.373323428
2021-11-26 00:00:00+01:00,0.680119374,0.290490478
2021-11-26 01:00:00+01:00,1.500451661,0.656934936
2021-11-26 02:00:00+01:00,8.442233521,1.653115418
2021-11-26 03:00:00+01:00,6.218666426,2.459692091
2021-11-26 04:00:00+01:00,9.355435567,5.251144871
2021-11-26 05:00:00+01:00,8.913591545,7.378283055
2021-11-26 06:00:00+01:00,8.3103701,4.451474369
2021-11-26 07:00:00+01:00,6.035910111,4.804966268
2021-11-26 08:00:00+01:00,1.728884107,1.338680334
2021-11-26 09:00:00+01:00,1.167222776,0.286854463
2021-11-26 10:00:00+01:00,1.018846475,0.918161274
2021-11-26 11:00:00+01:00,4.215354087,1.690368154
2021-11-26 12:00:00+01:00,3.530976977,1.952605645
2021-11-26 13:00:00+01:00,0.930589765,0.235182022
2021-11-26 14:00:00+01:00,6.686698956,0.73271665
2021-11-26 15:00:00+01:00,0.881496516,0.628019898
2021-11-26 16:00:00+01:00,11.05728949,7.583185687
2021-11-26 17:00:00+01:00,1.198486206,0.489892158
2021-11-26 18:00:00+01:00,1.978356829,0.379263013
2021-11-26 19:00:00+01:00,1.377650111,1.043446813
2021-11-26 20:00:00+01:00,11.00727061,2.446319876
2021-11-26 21:00:00+01:00,4.805531824,1.105753522
2021-11-26 22:00:00+01:00,3.043443505,1.033549717
2021-11-26 23:00:00+01:00,1.347397702,0.338685184
2021-11-27 00:00:00+01:00,10.86409372,1.293888231
2021-11-27 01:00:00+01:00,9.487340532,0.220183017
2021-11-27 02:00:00+01:00,3.648199906,0.534966421
2021-11-27 03:00:00+01:00,5.858313439,3.602996554
2021-11-27 04:00:00+01:00,11.26477517,6.791542679
2021-11-27 05:00:00+01:00,4.708645676,3.689691452
2021-11-27 06:00:00+01:00,6.971372183,5.643648628
2021-11-27 07:00:00+01:00,3.257412217,1.644320635
2021-11-27 08:00:00+01:00,7.038320684,3.182128952
2021-11-27 09:00:00+01:00,3.711814008,1.862987251
2021-11-27 10:00:00+01:00,6.41744559,4.894885798
2021-11-27 11:00:00+01:00,6.442571843,6.432313955
2021-11-27 12:00:00+01:00,8.923170214,0.369537956
2021-11-27 13:00:00+01:00,1.010918012,0.707831936
2021-11-27 14:00:00+01:00,11.08804435,5.402286499
2021-11-27 15:00:00+01:00,7.127094492,1.649779558
2021-11-27 16:00:00+01:00,2.183394813,1.866249997
2021-11-27 17:00:00+01:00,3.803088718,3.113740726
2021-11-27 18:00:00+01:00,7.859889083,0.453772549
2021-11-27 19:00:00+01:00,10.65023243,5.43294253
2021-11-27 20:00:00+01:00,5.177810599,3.076635972
2021-11-27 21:00:00+01:00,2.704244176,2.623387044
2021-11-27 22:00:00+01:00,12.16999209,3.737479468
2021-11-27 23:00:00+01:00,3.987264137,0.820064971
2021-11-28 00:00:00+01:00,4.860197423,1.014144825
2021-11-28 01:00:00+01:00,5.912702499,5.134822927
2021-11-28 02:00:00+01:00,9.590972533,4.30210037
2021-11-28 03:00:00+01:00,11.47452741,7.799034695
2021-11-28 04:00:00+01:00,5.409956258,1.212744794
2021-11-28 05:00:00+01:00,11.51357629,3.968619784
2021-11-28 06:00:00+01:00,3.661333844,0.719478034
2021-11-28 07:00:00+01:00,2.469400895,1.253481203
2021-11-28 08:00:00+01:00,10.0587476,8.991880981
2021-11-28 09:00:00+01:00,10.66901657,0.064031665
2021-11-28 10:00:00+01:00,9.712529629,2.915042899
2021-11-28 11:00:00+01:00,0.75370357,0.48907292
2021-11-28 12:00:00+01:00,5.442910116,0.593039643
2021-11-28 13:00:00+01:00,3.909277588,1.930831052
2021-11-28 14:00:00+01:00,11.55894669,0.830600176
2021-11-28 15:00:00+01:00,2.197244796,0.312750706
2021-11-28 16:00:00+01:00,10.68498927,8.01981463
2021-11-28 17:00:00+01:00,5.951597174,1.834348922
2021-11-28 18:00:00+01:00,6.872546371,3.885826973
2021-11-28 19:00:00+01:00,3.960424278,1.104670511
2021-11-28 20:00:00+01:00,10.14695227,0.919714226
2021-11-28 21:00:00+01:00,7.224948523,4.489524524
2021-11-28 22:00:00+01:00,4.407847882,1.062801229
2021-11-28 23:00:00+01:00,0.537910501,0.153296225
2021-11-29 00:00:00+01:00,1.224194669,1.194756914
2021-11-29 01:00:00+01:00,1.644148901,0.497614594
2021-11-29 02:00:00+01:00,8.573176416,4.469010698
2021-11-29 03:00:00+01:00,9.178744408,8.400087246
2021-11-29 04:00:00+01:00,9.524004523,5.20281942
2021-11-29 05:00:00+01:00,5.208983609,3.114449874
2021-11-29 06:00:00+01:00,6.033191166,0.785792022
2021-11-29 07:00:00+01:00,3.772772509,2.112939892
2021-11-29 08:00:00+01:00,6.827027605,5.784302751
2021-11-29 09:00:00+01:00,4.565471244,3.743788229
2021-11-29 10:00:00+01:00,9.484154094,0.588530224
2021-11-29 11:00:00+01:00,4.38035324,2.960397391
2021-11-29 12:00:00+01:00,4.631936719,0.869235938
2021-11-29 13:00:00+01:00,6.126988875,4.923594917
2021-11-29 14:00:00+01:00,1.761962568,0.477785107
2021-11-29 15:00:00+01:00,4.529050834,2.13107879
2021-11-29 16:00:00+01:00,2.705742162,1.288110961
2021-11-29 17:00:00+01:00,7.702830412,2.264489884
2021-11-29 18:00:00+01:00,1.424209365,0.005647774
2021-11-29 19:00:00+01:00,0.772772711,0.197186232
2021-11-29 20:00:00+01:00,6.368676593,5.743081627
2021-11-29 21:00:00+01:00,5.05504505,1.168696548
2021-11-29 22:00:00+01:00,8.252304482,7.037794752
2021-11-29 23:00:00+01:00,5.591745158,5.522394629
2021-11-30 00:00:00+01:00,0.835614352,0.053187104
2021-11-30 01:00:00+01:00,4.675157821,2.907123426
2021-11-30 02:00:00+01:00,8.672555706,5.097722248
2021-11-30 03:00:00+01:00,5.007433931,4.13342461
2021-11-30 04:00:00+01:00,7.92300497,1.663438681
2021-11-30 05:00:00+01:00,3.542714083,0.399063619
2021-11-30 06:00:00+01:00,1.982833798,1.572335692
2021-11-30 07:00:00+01:00,1.497259528,0.212337224
2021-11-30 08:00:00+01:00,10.68128123,9.166665893
2021-11-30 09:00:00+01:00,6.635530198,4.529331052
2021-11-30 10:00:00+01:00,3.170506708,0.051624811
2021-11-30 11:00:00+01:00,5.312429966,4.23688868
2021-11-30 12:00:00+01:00,2.278202572,2.119988676
2021-11-30 13:00:00+01:00,6.555294038,3.393094219
2021-11-30 14:00:00+01:00,0.529218709,0.216691857
2021-11-30 15:00:00+01:00,10.86601941,10.55707791
2021-11-30 16:00:00+01:00,9.938005394,9.072533347
2021-11-30 17:00:00+01:00,8.42603849,2.349290556
2021-11-30 18:00:00+01:00,11.02992201,3.078262145
2021-11-30 19:00:00+01:00,3.214208018,1.075591995
2021-11-30 20:00:00+01:00,8.638420536,0.634984977
2021-11-30 21:00:00+01:00,7.855859606,3.410771951
2021-11-30 22:00:00+01:00,10.21104969,3.909337846
2021-11-30 23:00:00+01:00,7.864651553,0.42796447
2021-12-01 00:00:00+01:00,8.246176205,1.154037435
2021-12-01 01:00:00+01:00,9.743242084,4.759887685
2021-12-01 02:00:00+01:00,12.07492321,8.238550929
2021-12-01 03:00:00+01:00,8.969902163,5.434243407
2021-12-01 04:00:00+01:00,9.844459846,0.881875225
2021-12-01 05:00:00+01:00,8.521208069,3.103436784
2021-12-01 06:00:00+01:00,2.835950818,1.120975043
2021-12-01 07:00:00+01:00,10.65987546,2.010010636
2021-12-01 08:00:00+01:00,2.797267123,0.890762815
2021-12-01 09:00:00+01:00,2.948710429,0.320078137
2021-12-01 10:00:00+01:00,11.14915905,10.33040586
2021-12-01 11:00:00+01:00,7.230848315,3.344070064
2021-12-01 12:00:00+01:00,10.62580921,7.331366548
2021-12-01 13:00:00+01:00,2.166025476,0.051955392
2021-12-01 14:00:00+01:00,8.363677611,4.185073427
2021-12-01 15:00:00+01:00,3.433968495,0.041457018
2021-12-01 16:00:00+01:00,5.235285751,4.235051055
2021-12-01 17:00:00+01:00,7.199798783,2.166845174
2021-12-01 18:00:00+01:00,3.951640703,2.049466109
2021-12-01 19:00:00+01:00,8.642090815,8.631759952
2021-12-01 20:00:00+01:00,1.048221711,0.297055945
2021-12-01 21:00:00+01:00,6.010581332,2.47179063
2021-12-01 22:00:00+01:00,5.824128312,5.478570189
2021-12-01 23:00:00+01:00,4.773988519,0.440216513
2021-12-02 00:00:00+01:00,10.4135783,2.283881601
2021-12-02 01:00:00+01:00,8.442200152,3.431291216
2021-12-02 02:00:00+01:00,7.253662276,6.156736701
2021-12-02 03:00:00+01:00,1.211503983,0.518628281
2021-12-02 04:00:00+01:00,0.837064399,0.074349516
2021-12-02 05:00:00+01:00,5.127630968,3.482516749
2021-12-02 06:00:00+01:00,7.30702042,6.760900228
2021-12-02 07:00:00+01:00,9.290462926,6.116837433
2021-12-02 08:00:00+01:00,9.144997114,8.705539126
2021-12-02 09:00:00+01:00,4.801555254,3.437401329
2021-12-02 10:00:00+01:00,7.089146874,5.947468745
2021-12-02 11:00:00+01:00,4.761449478,1.807602907
2021-12-02 12:00:00+01:00,6.537090955,4.969998685
2021-12-02 13:00:00+01:00,7.615600095,6.047984668
2021-12-02 14:00:00+01:00,10.70799076,7.356161835
2021-12-02 15:00:00+01:00,6.713078278,4.027381926
2021-12-02 16:00:00+01:00,10.48055499,6.191779591
2021-12-02 17:00:00+01:00,9.057874891,5.745073089
2021-12-02 18:00:00+01:00,9.705288737,4.728639492
2021-12-02 19:00:00+01:00,11.19026263,6.868728314
2021-12-02 20:00:00+01:00,10.122182,6.103745497
2021-12-02 21:00:00+01:00,10.29732581,0.280806585
2021-12-02 22:00:00+01:00,7.034030136,0.956799946
2021-12-02 23:00:00+01:00,4.826226693,0.968061275
2021-12-03 00:00:00+01:00,1.762979714,0.496043928
2021-12-03 01:00:00+01:00,7.955286109,2.526868268
2021-12-03 02:00:00+01:00,4.748316504,1.602809615
2021-12-03 03:00:00+01:00,6.055122768,4.462058729
2021-12-03 04:00:00+01:00,7.990097141,3.859724411
2021-12-03 05:00:00+01:00,5.881120885,3.337349891
2021-12-03 06:00:00+01:00,4.690539193,2.889422534
2021-12-03 07:00:00+01:00,2.752329066,0.215631867
2021-12-03 08:00:00+01:00,5.097604475,3.067339812
2021-12-03 09:00:00+01:00,4.583011227,1.198125753
2021-12-03 10:00:00+01:00,11.29015986,4.89475287
2021-12-03 11:00:00+01:00,2.899899814,1.900453983
2021-12-03 12:00:00+01:00,11.93261126,4.953041662
2021-12-03 13:00:00+01:00,10.36249462,6.869585647
2021-12-03 14:00:00+01:00,3.807713949,1.010228874
2021-12-03 15:00:00+01:00,7.826258484,5.901084597
2021-12-03 16:00:00+01:00,10.88723752,4.552632694
2021-12-03 17:00:00+01:00,1.078895968,0.035134402
2021-12-03 18:00:00+01:00,9.030485853,1.398499561
2021-12-03 19:00:00+01:00,2.433742285,2.071339552
2021-12-03 20:00:00+01:00,9.860366469,8.479240824
2021-12-03 21:00:00+01:00,2.518949816,1.568441748
2021-12-03 22:00:00+01:00,11.20005763,6.647811173
2021-12-03 23:00:00+01:00,8.261056097,5.529813254
2021-12-04 00:00:00+01:00,2.140198088,0.626689905
2021-12-04 01:00:00+01:00,2.462878137,0.324331234
2021-12-04 02:00:00+01:00,10.4180064,1.760859086
2021-12-04 03:00:00+01:00,10.36031519,3.976907607
2021-12-04 04:00:00+01:00,1.517382237,0.799116489
2021-12-04 05:00:00+01:00,2.644212378,0.64807832
2021-12-04 06:00:00+01:00,6.356134171,3.136860132
2021-12-04 07:00:00+01:00,5.837130879,3.410435438
2021-12-04 08:00:00+01:00,0.958620438,0.387532736
2021-12-04 09:00:00+01:00,2.253740086,2.03113626
2021-12-04 10:00:00+01:00,10.70583354,2.579687172
2021-12-04 11:00:00+01:00,8.891091156,7.30012135
2021-12-04 12:00:00+01:00,3.779511558,0.176334477
2021-12-04 13:00:00+01:00,10.06013658,3.249520533
2021-12-04 14:00:00+01:00,7.684165486,5.257511522
2021-12-04 15:00:00+01:00,7.990242923,5.634304808
2021-12-04 16:00:00+01:00,0.934181218,0.530548051
2021-12-04 17:00:00+01:00,5.270495985,4.875835657
2021-12-04 18:00:00+01:00,9.842809409,6.692866735
2021-12-04 19:00:00+01:00,1.226459435,0.543808444
2021-12-04 20:00:00+01:00,4.027057784,0.506262624
2021-12-04 21:00:00+01:00,4.041026055,3.052039639
2021-12-04 22:00:00+01:00,2.78747834,2.437373395
2021-12-04 23:00:00+01:00,6.427346772,2.776078716
2021-12-05 00:00:00+01:00,1.868753248,0.544355108
2021-12-05 01:00:00+01:00,7.394525315,2.659535256
2021-12-05 02:00:00+01:00,3.883960289,3.785529459
2021-12-05 03:00:00+01:00,9.161115017,7.144655389
2021-12-05 04:00:00+01:00,5.742464691,0.351410831
2021-12-05 05:00:00+01:00,8.123832905,5.871330296
2021-12-05 06:00:00+01:00,3.175995709,2.217323913
2021-12-05 07:00:00+01:00,4.224805305,3.627197543
2021-12-05 08:00:00+01:00,2.182082572,1.537210589
2021-12-05 09:00:00+01:00,11.4363887,9.708698495
2021-12-05 10:00:00+01:00,3.486611935,0.502415868
2021-12-05 11:00:00+01:00,2.773834672,0.042277036
2021-12-05 12:00:00+01:00,4.193562104,4.125018232
2021-12-05 13:00:00+01:00,10.55450141,8.835493007
2021-12-05 14:00:00+01:00,9.013993467,8.329364219
2021-12-05 15:00:00+01:00,1.040358152,0.772304857
2021-12-05 16:00:00+01:00,2.037644881,1.951404193
2021-12-05 17:00:00+01:00,7.61993512,0.606045218
2021-12-05 18:00:00+01:00,7.006377072,1.802631643
2021-12-05 19:00:00+01:00,10.29320788,2.283713202
2021-12-05 20:00:00+01:00,4.245928519,1.57024533
2021-12-05 21:00:00+01:00,6.682886781,3.938264631
2021-12-05 22:00:00+01:00,1.275698807,0.00764383
2021-12-05 23:00:00+01:00,7.20342128,3.272461366
2021-12-06 00:00:00+01:00,4.598259513,1.061327307
2021-12-06 01:00:00+01:00,6.133704186,2.941468435
2021-12-06 02:00:00+01:00,7.001508584,4.352783561
2021-12-06 03:00:00+01:00,1.334354871,1.129974002
2021-12-06 04:00:00+01:00,2.622656816,1.52145298
2021-12-06 05:00:00+01:00,11.38455129,9.816154433
2021-12-06 06:00:00+01:00,6.870785822,1.368231898
2021-12-06 07:00:00+01:00,4.608996935,1.546098261
2021-12-06 08:00:00+01:00,10.89263749,7.182384754
2021-12-06 09:00:00+01:00,7.882119135,6.789429367
2021-12-06 10:00:00+01:00,2.678285094,2.41459143
2021-12-06 11:00:00+01:00,10.05267306,8.604008014
2021-12-06 12:00:00+01:00,6.576577138,2.719083634
2021-12-06 13:00:00+01:00,9.365376038,3.355911063
2021-12-06 14:00:00+01:00,3.081506602,2.624903532
2021-12-06 15:00:00+01:00,10.7916334,5.306319955
2021-12-06 16:00:00+01:00,1.869375101,1.344757843
2021-12-06 17:00:00+01:00,9.043354177,3.608957591
2021-12-06 18:00:00+01:00,9.005568242,0.288904521
2021-12-06 19:00:00+01:00,2.626012924,1.30469233
2021-12-06 20:00:00+01:00,4.034946823,3.664134844
2021-12-06 21:00:00+01:00,10.10406077,2.351270387
2021-12-06 22:00:00+01:00,5.111751819,3.734189164
2021-12-06 23:00:00+01:00,5.039817842,2.154212771
2021-12-07 00:00:00+01:00,8.544827421,2.253999981
2021-12-07 01:00:00+01:00,4.452506207,0.764778461
2021-12-07 02:00:00+01:00,4.316229003,4.181392561
2021-12-07 03:00:00+01:00,4.512290202,0.984266106
2021-12-07 04:00:00+01:00,8.372988313,6.825981405
2021-12-07 05:00:00+01:00,2.488121394,2.099202046
2021-12-07 06:00:00+01:00,4.074268747,3.088576922
2021-12-07 07:00:00+01:00,5.113492695,3.505450029
2021-12-07 08:00:00+01:00,2.614742513,1.990663493
2021-12-07 09:00:00+01:00,9.335943656,5.231693515
2021-12-07 10:00:00+01:00,10.77402899,7.857601764
2021-12-07 11:00:00+01:00,5.495111659,1.350284418
2021-12-07 12:00:00+01:00,4.029662243,1.345240614
2021-12-07 13:00:00+01:00,12.05206206,3.395119751
2021-12-07 14:00:00+01:00,11.42579169,6.488212953
2021-12-07 15:00:00+01:00,6.610678587,0.109833225
2021-12-07 16:00:00+01:00,1.152245252,0.668295961
2021-12-07 17:00:00+01:00,10.26606865,6.848977761
2021-12-07 18:00:00+01:00,8.734906543,1.525243809
2021-12-07 19:00:00+01:00,3.438948213,0.770021303
2021-12-07 20:00:00+01:00,10.65326381,9.851736342
2021-12-07 21:00:00+01:00,6.742982237,3.621057532
2021-12-07 22:00:00+01:00,4.907569879,1.335248369
2021-12-07 23:00:00+01:00,9.611610046,0.211290532
2021-12-08 00:00:00+01:00,11.051213,9.892265193
2021-12-08 01:00:00+01:00,6.251669153,1.830624278
2021-12-08 02:00:00+01:00,4.666004761,3.705480455
2021-12-08 03:00:00+01:00,7.639102394,3.578485705
2021-12-08 04:00:00+01:00,2.809757741,1.043495095
2021-12-08 05:00:00+01:00,5.455997514,2.012899599
2021-12-08 06:00:00+01:00,9.460920786,0.14862374
2021-12-08 07:00:00+01:00,5.576834706,3.582350414
2021-12-08 08:00:00+01:00,7.145308095,1.055994008
2021-12-08 09:00:00+01:00,7.535339776,5.734180741
2021-12-08 10:00:00+01:00,10.78132468,3.117743708
2021-12-08 11:00:00+01:00,7.955279809,5.08518878
2021-12-08 12:00:00+01:00,6.333113591,1.407610403
2021-12-08 13:00:00+01:00,4.046722859,3.67294547
2021-12-08 14:00:00+01:00,9.873429728,3.133476385
2021-12-08 15:00:00+01:00,9.823040874,0.847986275
2021-12-08 16:00:00+01:00,4.984032332,0.434880286
2021-12-08 17:00:00+01:00,3.262270291,2.736027667
2021-12-08 18:00:00+01:00,4.210622497,3.913129421
2021-12-08 19:00:00+01:00,6.408635087,3.977750766
2021-12-08 20:00:00+01:00,3.829230034,0.339459665
2021-12-08 21:00:00+01:00,2.014466293,0.846281147
2021-12-08 22:00:00+01:00,2.152198373,1.763889116
2021-12-08 23:00:00+01:00,5.918942212,4.077383244
2021-12-09 00:00:00+01:00,7.973774761,6.570874117
2021-12-09 01:00:00+01:00,8.18927535,6.448680359
2021-12-09 02:00:00+01:00,5.652750855,2.445110827
2021-12-09 03:00:00+01:00,12.16304369,7.384390341
2021-12-09 04:00:00+01:00,7.265991601,0.348582005
2021-12-09 05:00:00+01:00,0.547565326,0.38954546
2021-12-09 06:00:00+01:00,3.41947036,2.285091374
2021-12-09 07:00:00+01:00,3.288561354,1.225711613
2021-12-09 08:00:00+01:00,3.626436943,1.670008281
2021-12-09 09:00:00+01:00,4.67782412,1.845484473
2021-12-09 10:00:00+01:00,9.013285421,3.778564173
2021-12-09 11:00:00+01:00,12.17724205,0.58471938
2021-12-09 12:00:00+01:00,7.441171134,4.122312555
2021-12-09 13:00:00+01:00,7.547017673,1.816485622
2021-12-09 14:00:00+01:00,2.835790124,1.281488088
2021-12-09 15:00:00+01:00,9.986474091,2.306319186
2021-12-09 16:00:00+01:00,10.57559688,3.532333986
2021-12-09 17:00:00+01:00,5.358942068,2.046157831
2021-12-09 18:00:00+01:00,10.49882645,9.668255679
2021-12-09 19:00:00+01:00,11.66239036,2.122155248
2021-12-09 20:00:00+01:00,5.18647204,0.538335095
2021-12-09 21:00:00+01:00,8.50042567,3.647847935
2021-12-09 22:00:00+01:00,9.035098592,6.230610503
2021-12-09 23:00:00+01:00,3.452864516,2.474788049
2021-12-10 00:00:00+01:00,11.18223059,5.426324107
2021-12-10 01:00:00+01:00,7.520289865,5.963841385
2021-12-10 02:00:00+01:00,10.28745974,5.501754558
2021-12-10 03:00:00+01:00,12.13043098,3.345703756
2021-12-10 04:00:00+01:00,9.145806842,9.137663061
2021-12-10 05:00:00+01:00,1.576319434,0.144205246
2021-12-10 06:00:00+01:00,7.71975511,5.668703913
2021-12-10 07:00:00+01:00,1.156251482,0.926863276
2021-12-10 08:00:00+01:00,5.093589106,2.999538435
2021-12-10 09:00:00+01:00,7.307093634,6.125142121
2021-12-10 10:00:00+01:00,10.86168016,0.630981636
2021-12-10 11:00:00+01:00,7.239222275,3.145317827
2021-12-10 12:00:00+01:00,8.145077444,6.2569815
2021-12-10 13:00:00+01:00,11.73256179,9.127288356
2021-12-10 14:00:00+01:00,6.984250024,0.738637638
2021-12-10 15:00:00+01:00,8.613685312,4.98573333
2021-12-10 16:00:00+01:00,10.24809547,3.963037663
2021-12-10 17:00:00+01:00,7.909165826,6.1501198
2021-12-10 18:00:00+01:00,3.330379198,2.634443912
2021-12-10 19:00:00+01:00,6.56107238,4.752291306
2021-12-10 20:00:00+01:00,10.07951924,7.031031659
2021-12-10 21:00:00+01:00,4.41098936,1.802240462
2021-12-10 22:00:00+01:00,7.347602871,6.122512127
2021-12-10 23:00:00+01:00,2.967548709,2.856245398
2021-12-11 00:00:00+01:00,7.64992089,2.664490409
2021-12-11 01:00:00+01:00,3.913251016,2.109016154
2021-12-11 02:00:00+01:00,4.327083962,2.584414963
2021-12-11 03:00:00+01:00,8.749996111,6.784281066
2021-12-11 04:00:00+01:00,4.647415212,4.312106024
2021-12-11 05:00:00+01:00,6.852490474,2.082851909
2021-12-11 06:00:00+01:00,10.2435646,8.338702618
2021-12-11 07:00:00+01:00,3.402109829,0.156446195
2021-12-11 08:00:00+01:00,2.529205317,1.720624706
2021-12-11 09:00:00+01:00,1.265403266,0.919483386
2021-12-11 10:00:00+01:00,1.618593677,0.048251842
2021-12-11 11:00:00+01:00,2.238906646,1.302489922
2021-12-11 12:00:00+01:00,2.558742152,2.036261916
2021-12-11 13:00:00+01:00,3.235067308,2.007038905
2021-12-11 14:00:00+01:00,8.215588767,4.776717601
2021-12-11 15:00:00+01:00,10.65486872,5.793755435
2021-12-11 16:00:00+01:00,6.594197629,0.147388019
2021-12-11 17:00:00+01:00,11.94220292,10.42882845
2021-12-11 18:00:00+01:00,11.36853994,10.87855082
2021-12-11 19:00:00+01:00,4.793019362,2.277461178
2021-12-11 20:00:00+01:00,8.534140563,6.329095555
2021-12-11 21:00:00+01:00,5.978583385,3.65704158
2021-12-11 22:00:00+01:00,11.16617985,6.736727057
2021-12-11 23:00:00+01:00,0.506529366,0.410528002
2021-12-12 00:00:00+01:00,2.04477556,0.25274261
2021-12-12 01:00:00+01:00,1.84374725,1.1532049
2021-12-12 02:00:00+01:00,2.352285557,2.305751834
2021-12-12 03:00:00+01:00,6.12922261,5.22633725
2021-12-12 04:00:00+01:00,2.903923149,1.539816758
2021-12-12 05:00:00+01:00,4.160144293,1.791140586
2021-12-12 06:00:00+01:00,6.031597862,0.733006281
2021-12-12 07:00:00+01:00,7.441533472,4.30083615
2021-12-12 08:00:00+01:00,4.111334582,2.076811746
2021-12-12 09:00:00+01:00,0.954277462,0.788381709
2021-12-12 10:00:00+01:00,4.913951314,0.971829172
2021-12-12 11:00:00+01:00,10.89155903,2.174901885
2021-12-12 12:00:00+01:00,6.217610589,6.16803526
2021-12-12 13:00:00+01:00,0.668378574,0.142553402
2021-12-12 14:00:00+01:00,11.01074744,9.469733705
2021-12-12 15:00:00+01:00,11.30681758,0.741196893
2021-12-12 16:00:00+01:00,0.517390858,0.202677938
2021-12-12 17:00:00+01:00,7.579638131,1.741772159
2021-12-12 18:00:00+01:00,4.11026054,1.281972856
2021-12-12 19:00:00+01:00,5.678083004,4.78152614
2021-12-12 20:00:00+01:00,1.268884728,0.677770789
2021-12-12 21:00:00+01:00,9.436720041,7.863226316
2021-12-12 22:00:00+01:00,0.901430354,0.257435516
2021-12-12 23:00:00+01:00,9.140101442,4.244293907
2021-12-13 00:00:00+01:00,4.530146759,1.927091716
2021-12-13 01:00:00+01:00,11.74313899,7.667067479
2021-12-13 02:00:00+01:00,4.160169059,0.920328363
2021-12-13 03:00:00+01:00,9.769131489,9.699159583
2021-12-13 04:00:00+01:00,7.552229022,2.412226322
2021-12-13 05:00:00+01:00,8.039673263,3.197482041
2021-12-13 06:00:00+01:00,2.601223032,0.389848388
2021-12-13 07:00:00+01:00,10.2792105,6.086189992
2021-12-13 08:00:00+01:00,11.55558787,6.313489107
2021-12-13 09:00:00+01:00,0.604795208,0.228173509
2021-12-13 10:00:00+01:00,8.33337992,3.414483962
2021-12-13 11:00:00+01:00,6.924585843,1.829922006
2021-12-13 12:00:00+01:00,6.157300959,0.112617244
2021-12-13 13:00:00+01:00,10.16735095,1.59105112
2021-12-13 14:00:00+01:00,3.942230311,1.589767458
2021-12-13 15:00:00+01:00,10.34785069,3.585796939
2021-12-13 16:00:00+01:00,4.435383957,1.30231505
2021-12-13 17:00:00+01:00,3.028737756,1.80664749
2021-12-13 18:00:00+01:00,7.220992318,0.171338754
2021-12-13 19:00:00+01:00,9.386941147,0.845497723
2021-12-13 20:00:00+01:00,6.182452925,6.029895695
2021-12-13 21:00:00+01:00,2.652886297,0.247229552
2021-12-13 22:00:00+01:00,12.1337844,8.111114308
2021-12-13 23:00:00+01:00,5.565839278,2.60980059
2021-12-14 00:00:00+01:00,2.444749183,1.332711755
2021-12-14 01:00:00+01:00,11.85780535,11.77671082
2021-12-14 02:00:00+01:00,8.785535739,6.791087511
2021-12-14 03:00:00+01:00,11.67394704,3.997944554
2021-12-14 04:00:00+01:00,9.852783067,2.553398844
2021-12-14 05:00:00+01:00,8.992653849,0.8009019
2021-12-14 06:00:00+01:00,8.78364716,6.341097575
2021-12-14 07:00:00+01:00,11.9908353,11.83782274
2021-12-14 08:00:00+01:00,4.585106455,1.006864522
2021-12-14 09:00:00+01:00,9.702554072,7.537919823
2021-12-14 10:00:00+01:00,9.37517694,0.078658403
2021-12-14 11:00:00+01:00,9.250499839,3.784997076
2021-12-14 12:00:00+01:00,7.199891038,3.555818963
2021-12-14 13:00:00+01:00,2.92542529,2.182120203
2021-12-14 14:00:00+01:00,7.384356195,4.271489639
2021-12-14 15:00:00+01:00,3.292965802,3.085504175
2021-12-14 16:00:00+01:00,6.04771991,4.461593576
2021-12-14 17:00:00+01:00,8.730362278,1.950852221
2021-12-14 18:00:00+01:00,10.8610494,7.631245865
2021-12-14 19:00:00+01:00,7.533677606,3.695900984
2021-12-14 20:00:00+01:00,10.27722631,10.10263559
2021-12-14 21:00:00+01:00,1.477375976,0.946220247
2021-12-14 22:00:00+01:00,6.913679359,5.83989185
2021-12-14 23:00:00+01:00,4.132558607,0.927124415
2021-12-15 00:00:00+01:00,11.59531042,11.22469245
2021-12-15 01:00:00+01:00,7.307660736,1.450724323
2021-12-15 02:00:00+01:00,1.211943661,0.611193177
2021-12-15 03:00:00+01:00,5.157275801,4.886879603
2021-12-15 04:00:00+01:00,8.673836957,5.865589236
2021-12-15 05:00:00+01:00,6.267304396,6.150268128
2021-12-15 06:00:00+01:00,3.250833986,1.609794484
2021-12-15 07:00:00+01:00,9.005497574,1.395617371
2021-12-15 08:00:00+01:00,11.42981094,0.484599251
2021-12-15 09:00:00+01:00,0.97155998,0.612658073
2021-12-15 10:00:00+01:00,1.443937399,0.967247358
2021-12-15 11:00:00+01:00,12.030097,10.45799672
2021-12-15 12:00:00+01:00,0.836186832,0.119076635
2021-12-15 13:00:00+01:00,2.907413574,0.095134835
2021-12-15 14:00:00+01:00,2.663855499,0.916629054
2021-12-15 15:00:00+01:00,1.962780129,1.005044753
2021-12-15 16:00:00+01:00,8.551787654,4.399299918
2021-12-15 17:00:00+01:00,3.668673311,2.785270897
2021-12-15 18:00:00+01:00,3.157666053,0.950291788
2021-12-15 19:00:00+01:00,2.611343349,1.677260082
2021-12-15 20:00:00+01:00,11.85522724,8.1562486
2021-12-15 21:00:00+01:00,0.513304161,0.415457795
2021-12-15 22:00:00+01:00,9.208954259,8.66250748
2021-12-15 23:00:00+01:00,5.653905089,1.38304976
2021-12-16 00:00:00+01:00,3.387968861,2.881437254
2021-12-16 01:00:00+01:00,3.003066249,2.461614347
2021-12-16 02:00:00+01:00,2.780369856,2.161630541
2021-12-16 03:00:00+01:00,0.970042687,0.70127328
2021-12-16 04:00:00+01:00,4.557203989,2.660240333
2021-12-16 05:00:00+01:00,8.92310962,4.85584362
2021-12-16 06:00:00+01:00,4.977228365,4.665582348
2021-12-16 07:00:00+01:00,9.182092261,0.136479301
2021-12-16 08:00:00+01:00,2.870563876,1.995350312
2021-12-16 09:00:00+01:00,9.579429036,6.86978058
2021-12-16 10:00:00+01:00,11.5522021,7.848697036
2021-12-16 11:00:00+01:00,8.031508722,4.783718769
2021-12-16 12:00:00+01:00,12.07619275,2.488147775
2021-12-16 13:00:00+01:00,7.282019784,1.624792442
2021-12-16 14:00:00+01:00,5.704065623,3.722917014
2021-12-16 15:00:00+01:00,5.986886188,1.535140333
2021-12-16 16:00:00+01:00,0.763387229,0.663493506
2021-12-16 17:00:00+01:00,5.471769495,2.590962241
2021-12-16 18:00:00+01:00,7.948965177,0.032112385
2021-12-16 19:00:00+01:00,5.610563604,0.200032171
2021-12-16 20:00:00+01:00,6.825690076,4.611441433
2021-12-16 21:00:00+01:00,11.58309236,0.358132569
2021-12-16 22:00:00+01:00,1.79715756,0.060600222
2021-12-16 23:00:00+01:00,8.211780521,2.201780784
2021-12-17 00:00:00+01:00,2.550213914,2.549150502
2021-12-17 01:00:00+01:00,1.876291319,0.922460073
2021-12-17 02:00:00+01:00,2.162741918,0.501651088
2021-12-17 03:00:00+01:00,4.737251325,2.180436017
2021-12-17 04:00:00+01:00,4.965895599,0.980186506
2021-12-17 05:00:00+01:00,6.728988949,3.887345833
2021-12-17 06:00:00+01:00,1.376374564,0.94311271
2021-12-17 07:00:00+01:00,10.78238036,2.146343168
2021-12-17 08:00:00+01:00,7.511631654,0.932540696
2021-12-17 09:00:00+01:00,3.251225007,0.458649232
2021-12-17 10:00:00+01:00,2.750897259,1.053006968
2021-12-17 11:00:00+01:00,10.3960561,1.432112467
2021-12-17 12:00:00+01:00,5.528344121,1.431065061
2021-12-17 13:00:00+01:00,1.658236732,0.26500725
2021-12-17 14:00:00+01:00,2.273089058,1.784589385
2021-12-17 15:00:00+01:00,3.289444175,3.038194972
2021-12-17 16:00:00+01:00,4.768170376,0.815473824
2021-12-17 17:00:00+01:00,0.951525505,0.698723552
2021-12-17 18:00:00+01:00,10.5729683,9.505877438
2021-12-17 19:00:00+01:00,1.728300799,0.539721907
2021-12-17 20:00:00+01:00,10.42519592,0.790398953
2021-12-17 21:00:00+01:00,11.1056734,5.986416789
2021-12-17 22:00:00+01:00,9.000547854,1.225257711
2021-12-17 23:00:00+01:00,11.73709964,2.260494718
2021-12-18 00:00:00+01:00,3.384391214,1.904969377
2021-12-18 01:00:00+01:00,9.361915903,6.757366385
2021-12-18 02:00:00+01:00,1.558133315,0.920465511
2021-12-18 03:00:00+01:00,8.204641351,3.902093282
2021-12-18 04:00:00+01:00,1.007486232,0.698056302
2021-12-18 05:00:00+01:00,11.10206947,7.488624039
2021-12-18 06:00:00+01:00,2.312138019,2.039897112
2021-12-18 07:00:00+01:00,0.625851479,0.330465587
2021-12-18 08:00:00+01:00,3.379017276,0.841628077
2021-12-18 09:00:00+01:00,4.71249216,0.70182109
2021-12-18 10:00:00+01:00,7.08260204,2.397880457
2021-12-18 11:00:00+01:00,0.857968124,0.73667455
2021-12-18 12:00:00+01:00,8.382317208,6.953219694
2021-12-18 13:00:00+01:00,8.659797641,1.168748156
2021-12-18 14:00:00+01:00,4.302962985,3.787018729
2021-12-18 15:00:00+01:00,5.554136207,3.511525417
2021-12-18 16:00:00+01:00,4.182143587,0.806799172
2021-12-18 17:00:00+01:00,6.739960367,4.233434073
2021-12-18 18:00:00+01:00,6.649599578,4.740173743
2021-12-18 19:00:00+01:00,6.326650144,3.55405544
2021-12-18 20:00:00+01:00,4.340605476,3.2592824
2021-12-18 21:00:00+01:00,1.154096138,0.296174085
2021-12-18 22:00:00+01:00,0.5532466,0.425987761
2021-12-18 23:00:00+01:00,10.82978519,7.422435579
2021-12-19 00:00:00+01:00,6.058834838,4.829313665
2021-12-19 01:00:00+01:00,10.05785102,0.222060546
2021-12-19 02:00:00+01:00,10.36779387,5.939105341
2021-12-19 03:00:00+01:00,4.546829288,4.434608097
2021-12-19 04:00:00+01:00,1.159615675,0.759655153
2021-12-19 05:00:00+01:00,3.490899339,1.992705365
2021-12-19 06:00:00+01:00,1.215887995,1.083721911
2021-12-19 07:00:00+01:00,10.95606326,3.61838411
2021-12-19 08:00:00+01:00,10.2830232,7.774381663
2021-12-19 09:00:00+01:00,8.341717362,4.920440319
2021-12-19 10:00:00+01:00,11.27553504,10.41242036
2021-12-19 11:00:00+01:00,1.445561342,1.021708189
2021-12-19 12:00:00+01:00,11.38292457,0.928156416
2021-12-19 13:00:00+01:00,9.107605854,6.156490714
2021-12-19 14:00:00+01:00,2.510912528,0.966035976
2021-12-19 15:00:00+01:00,11.58846125,2.766402554
2021-12-19 16:00:00+01:00,9.629394102,3.287041421
2021-12-19 17:00:00+01:00,9.21064522,5.82223204
2021-12-19 18:00:00+01:00,6.749100797,3.063522436
2021-12-19 19:00:00+01:00,6.635134605,4.825095203
2021-12-19 20:00:00+01:00,1.477152176,0.331590003
2021-12-19 21:00:00+01:00,8.036704058,4.858730979
2021-12-19 22:00:00+01:00,3.641021938,1.5508059
2021-12-19 23:00:00+01:00,8.601088364,1.919083667
2021-12-20 00:00:00+01:00,6.069544399,5.003201271
2021-12-20 01:00:00+01:00,7.607752994,0.456602159
2021-12-20 02:00:00+01:00,4.511000544,4.335214138
2021-12-20 03:00:00+01:00,9.270629612,7.018904291
2021-12-20 04:00:00+01:00,8.679337784,0.122397373
2021-12-20 05:00:00+01:00,0.718790355,0.280857986
2021-12-20 06:00:00+01:00,9.784147006,5.773311649
2021-12-20 07:00:00+01:00,1.788218423,0.807668634
2021-12-20 08:00:00+01:00,8.656877823,8.12511465
2021-12-20 09:00:00+01:00,2.637831416,0.261603238
2021-12-20 10:00:00+01:00,3.249175104,3.1975852
2021-12-20 11:00:00+01:00,1.300009063,0.685079699
2021-12-20 12:00:00+01:00,11.3544651,4.65929662
2021-12-20 13:00:00+01:00,6.137426105,4.15985355
2021-12-20 14:00:00+01:00,11.69806244,11.17613771
2021-12-20 15:00:00+01:00,0.917081823,0.131720265
2021-12-20 16:00:00+01:00,1.750746364,1.333874681
2021-12-20 17:00:00+01:00,1.949805879,1.699331552
2021-12-20 18:00:00+01:00,12.17908449,7.340409101
2021-12-20 19:00:00+01:00,5.993036491,1.89903866
2021-12-20 20:00:00+01:00,5.503315431,1.492617579
2021-12-20 21:00:00+01:00,6.463425649,5.411394967
2021-12-20 22:00:00+01:00,5.675553591,0.082210835
2021-12-20 23:00:00+01:00,6.652566166,5.661360858
2021-12-21 00:00:00+01:00,3.985623292,3.58603511
2021-12-21 01:00:00+01:00,3.496948416,3.318572173
2021-12-21 02:00:00+01:00,9.235702743,2.599673686
2021-12-21 03:00:00+01:00,10.39986178,4.729187943
2021-12-21 04:00:00+01:00,9.077469093,8.146543494
2021-12-21 05:00:00+01:00,9.915086344,8.110092896
2021-12-21 06:00:00+01:00,10.91855567,0.426696893
2021-12-21 07:00:00+01:00,6.822819416,3.000812627
2021-12-21 08:00:00+01:00,4.488525679,2.668988293
2021-12-21 09:00:00+01:00,11.90088264,4.158085281
2021-12-21 10:00:00+01:00,3.999463401,0.462226617
2021-12-21 11:00:00+01:00,8.372068754,7.07323452
2021-12-21 12:00:00+01:00,5.381155505,2.179624311
2021-12-21 13:00:00+01:00,4.080963371,0.99498208
2021-12-21 14:00:00+01:00,3.553261519,2.483272671
2021-12-21 15:00:00+01:00,10.7622672,2.257182931
2021-12-21 16:00:00+01:00,0.760229125,0.707883345
2021-12-21 17:00:00+01:00,1.703026913,0.132525867
2021-12-21 18:00:00+01:00,0.780897343,0.517507176
2021-12-21 19:00:00+01:00,5.348130399,5.261487835
2021-12-21 20:00:00+01:00,1.36028099,0.625259622
2021-12-21 21:00:00+01:00,0.722112177,0.014274592
2021-12-21 22:00:00+01:00,7.391027672,2.878194599
2021-12-21 23:00:00+01:00,1.890890112,0.861137439
2021-12-22 00:00:00+01:00,1.921350838,0.797596928
2021-12-22 01:00:00+01:00,8.934315281,2.119752861
2021-12-22 02:00:00+01:00,5.638287369,0.24358146
2021-12-22 03:00:00+01:00,7.409902078,3.374156377
2021-12-22 04:00:00+01:00,1.166824829,0.610654653
2021-12-22 05:00:00+01:00,7.871090357,0.69462345
2021-12-22 06:00:00+01:00,8.765794024,6.823960866
2021-12-22 07:00:00+01:00,3.059639719,1.726158682
2021-12-22 08:00:00+01:00,2.727149354,1.163302737
2021-12-22 09:00:00+01:00,2.380242041,1.320061485
2021-12-22 10:00:00+01:00,7.150037888,1.323424767
2021-12-22 11:00:00+01:00,3.136324016,3.07388863
2021-12-22 12:00:00+01:00,5.44702171,0.314778259
2021-12-22 13:00:00+01:00,6.420144229,4.694177577
2021-12-22 14:00:00+01:00,5.644707661,4.439605497
2021-12-22 15:00:00+01:00,4.871918329,2.506973353
2021-12-22 16:00:00+01:00,1.543092096,1.067285334
2021-12-22 17:00:00+01:00,4.366694442,2.073766148
2021-12-22 18:00:00+01:00,4.99752337,2.78169278
2021-12-22 19:00:00+01:00,9.551205254,5.443722522
2021-12-22 20:00:00+01:00,3.681952782,3.381126679
2021-12-22 21:00:00+01:00,7.04138868,3.045700713
2021-12-22 22:00:00+01:00,10.78452848,9.102161591
2021-12-22 23:00:00+01:00,11.52241035,6.050385802
2021-12-23 00:00:00+01:00,3.198403657,0.149891996
2021-12-23 01:00:00+01:00,6.982925139,6.600218584
2021-12-23 02:00:00+01:00,10.4457833,6.143956167
2021-12-23 03:00:00+01:00,12.15853273,11.78653674
2021-12-23 04:00:00+01:00,7.347947542,1.678726021
2021-12-23 05:00:00+01:00,7.606648953,4.130113099
2021-12-23 06:00:00+01:00,9.671590049,2.648075427
2021-12-23 07:00:00+01:00,2.863097809,1.318186868
2021-12-23 08:00:00+01:00,7.314116962,5.298451089
2021-12-23 09:00:00+01:00,4.145821924,4.097556376
2021-12-23 10:00:00+01:00,7.073209714,2.947864094
2021-12-23 11:00:00+01:00,1.191648969,0.457890081
2021-12-23 12:00:00+01:00,5.977044502,2.080617712
2021-12-23 13:00:00+01:00,3.996474633,1.745800939
2021-12-23 14:00:00+01:00,11.74903681,4.956466382
2021-12-23 15:00:00+01:00,2.092911107,1.459611774
2021-12-23 16:00:00+01:00,3.23961559,2.776104846
2021-12-23 17:00:00+01:00,2.91216626,0.407156904
2021-12-23 18:00:00+01:00,8.802790095,6.618865784
2021-12-23 19:00:00+01:00,8.973973286,5.254844801
2021-12-23 20:00:00+01:00,11.38143304,10.12670312
2021-12-23 21:00:00+01:00,5.990379465,5.082873415
2021-12-23 22:00:00+01:00,9.234492997,2.568048399
2021-12-23 23:00:00+01:00,11.18880078,8.020797239
2021-12-24 00:00:00+01:00,8.495700516,6.526321087
2021-12-24 01:00:00+01:00,9.001793589,5.290535834
2021-12-24 02:00:00+01:00,4.995122879,2.256112873
2021-12-24 03:00:00+01:00,3.455243687,1.675804564
2021-12-24 04:00:00+01:00,5.158588861,2.209622633
2021-12-24 05:00:00+01:00,10.79763704,7.579505478
2021-12-24 06:00:00+01:00,10.03489443,9.711779571
2021-12-24 07:00:00+01:00,7.449867594,7.297575733
2021-12-24 08:00:00+01:00,10.84639495,3.401262491
2021-12-24 09:00:00+01:00,2.55185703,1.342975804
2021-12-24 10:00:00+01:00,7.430062305,7.160265613
2021-12-24 11:00:00+01:00,8.467026282,6.82773204
2021-12-24 12:00:00+01:00,1.931590112,0.655278536
2021-12-24 13:00:00+01:00,0.532681453,0.173763612
2021-12-24 14:00:00+01:00,11.83537977,6.955012767
2021-12-24 15:00:00+01:00,7.104115733,2.905971385
2021-12-24 16:00:00+01:00,2.640545716,1.796045523
2021-12-24 17:00:00+01:00,4.364905467,0.214644162
2021-12-24 18:00:00+01:00,8.706131745,1.884982651
2021-12-24 19:00:00+01:00,9.625532092,5.083825739
2021-12-24 20:00:00+01:00,4.504182855,1.232162661
2021-12-24 21:00:00+01:00,10.7180474,0.555704691
2021-12-24 22:00:00+01:00,3.497149372,2.254317748
2021-12-24 23:00:00+01:00,6.798442511,1.695269868
2021-12-25 00:00:00+01:00,5.582491502,0.116409808
2021-12-25 01:00:00+01:00,11.72020008,4.314026523
2021-12-25 02:00:00+01:00,3.812354254,3.384384894
2021-12-25 03:00:00+01:00,2.110540435,0.402420972
2021-12-25 04:00:00+01:00,10.34626205,6.01311332
2021-12-25 05:00:00+01:00,7.862940459,5.52388624
2021-12-25 06:00:00+01:00,8.912955084,8.475130437
2021-12-25 07:00:00+01:00,10.91217599,2.549961015
2021-12-25 08:00:00+01:00,2.644202834,2.06842868
2021-12-25 09:00:00+01:00,1.941561178,1.598761007
2021-12-25 10:00:00+01:00,2.586228708,0.230616894
2021-12-25 11:00:00+01:00,0.557157797,0.543220561
2021-12-25 12:00:00+01:00,5.042676103,3.383189548
2021-12-25 13:00:00+01:00,4.160590275,2.949696895
2021-12-25 14:00:00+01:00,0.664718759,0.595958693
2021-12-25 15:00:00+01:00,4.972933716,1.248923376
2021-12-25 16:00:00+01:00,1.411447182,0.715885989
2021-12-25 17:00:00+01:00,8.847793107,7.464600982
2021-12-25 18:00:00+01:00,7.335369179,4.233498834
2021-12-25 19:00:00+01:00,3.047349118,2.274730222
2021-12-25 20:00:00+01:00,8.130294945,3.761411975
2021-12-25 21:00:00+01:00,7.764528078,4.493841812
2021-12-25 22:00:00+01:00,6.769758836,1.894198543
2021-12-25 23:00:00+01:00,6.432829872,2.326312894
2021-12-26 00:00:00+01:00,8.834247863,3.180889776
2021-12-26 01:00:00+01:00,9.671805638,0.945664244
2021-12-26 02:00:00+01:00,7.016966904,1.56878245
2021-12-26 03:00:00+01:00,1.319763482,0.200742318
2021-12-26 04:00:00+01:00,11.24244763,10.7693454
2021-12-26 05:00:00+01:00,10.50101308,1.597548163
2021-12-26 06:00:00+01:00,11.34725839,2.948563431
2021-12-26 07:00:00+01:00,11.98761498,5.66029788
2021-12-26 08:00:00+01:00,7.49702848,0.785723991
2021-12-26 09:00:00+01:00,6.677605222,0.145151381
2021-12-26 10:00:00+01:00,1.185230286,1.040796407
2021-12-26 11:00:00+01:00,1.419608372,0.022151707
2021-12-26 12:00:00+01:00,10.90609373,0.542777578
2021-12-26 13:00:00+01:00,12.15082346,2.610973847
2021-12-26 14:00:00+01:00,6.49122655,2.810042758
2021-12-26 15:00:00+01:00,7.242671753,1.670590164
2021-12-26 16:00:00+01:00,7.652693394,3.129439629
2021-12-26 17:00:00+01:00,3.991076576,3.761399737
2021-12-26 18:00:00+01:00,10.58885708,1.002319582
2021-12-26 19:00:00+01:00,9.379547707,4.801691606
2021-12-26 20:00:00+01:00,8.48320426,4.890380078
2021-12-26 21:00:00+01:00,5.786663607,2.602574268
2021-12-26 22:00:00+01:00,10.21851426,9.346676693
2021-12-26 23:00:00+01:00,10.86142456,6.985027648
2021-12-27 00:00:00+01:00,5.713166417,4.508327193
2021-12-27 01:00:00+01:00,11.15254612,8.879274525
2021-12-27 02:00:00+01:00,8.464939143,3.720791106
2021-12-27 03:00:00+01:00,5.633595042,2.702688905
2021-12-27 04:00:00+01:00,10.78359004,2.181246937
2021-12-27 05:00:00+01:00,3.001601166,0.823675665
2021-12-27 06:00:00+01:00,9.727019451,5.456915014
2021-12-27 07:00:00+01:00,8.517699956,7.434449353
2021-12-27 08:00:00+01:00,0.81819982,0.080118
2021-12-27 09:00:00+01:00,11.56604329,3.999985471
2021-12-27 10:00:00+01:00,7.724576559,4.366507042
2021-12-27 11:00:00+01:00,7.580501004,2.852234025
2021-12-27 12:00:00+01:00,9.018947059,5.024811426
2021-12-27 13:00:00+01:00,11.85188616,1.020922437
2021-12-27 14:00:00+01:00,6.270523229,4.807281448
2021-12-27 15:00:00+01:00,4.951153903,3.999009559
2021-12-27 16:00:00+01:00,9.749914601,0.244769123
2021-12-27 17:00:00+01:00,10.5074541,10.19967952
2021-12-27 18:00:00+01:00,1.10051918,1.012704276
2021-12-27 19:00:00+01:00,7.081670608,2.546015342
2021-12-27 20:00:00+01:00,2.923474167,2.061094922
2021-12-27 21:00:00+01:00,6.658956696,2.111516722
2021-12-27 22:00:00+01:00,8.236878284,0.681954222
2021-12-27 23:00:00+01:00,5.346300462,5.049865039
2021-12-28 00:00:00+01:00,7.482017762,5.223973629
2021-12-28 01:00:00+01:00,4.536097941,3.910661439
2021-12-28 02:00:00+01:00,3.322939188,3.195274353
2021-12-28 03:00:00+01:00,6.423085179,4.519061196
2021-12-28 04:00:00+01:00,6.228922758,3.50471909
2021-12-28 05:00:00+01:00,1.259932275,0.842489806
2021-12-28 06:00:00+01:00,9.454144677,3.561180652
2021-12-28 07:00:00+01:00,8.127345082,2.798243398
2021-12-28 08:00:00+01:00,11.77170382,6.832882867
2021-12-28 09:00:00+01:00,11.07557654,7.047712471
2021-12-28 10:00:00+01:00,2.789449961,2.020560855
2021-12-28 11:00:00+01:00,9.458336316,6.062669038
2021-12-28 12:00:00+01:00,1.913930107,1.071784992
2021-12-28 13:00:00+01:00,1.639712317,0.169343329
2021-12-28 14:00:00+01:00,9.769024618,8.223481515
2021-12-28 15:00:00+01:00,5.629258921,4.253953665
2021-12-28 16:00:00+01:00,3.204979883,3.041009776
2021-12-28 17:00:00+01:00,2.724552432,1.349674088
2021-12-28 18:00:00+01:00,2.615145288,1.888418958
2021-12-28 19:00:00+01:00,6.401623551,1.048681001
2021-12-28 20:00:00+01:00,0.701228605,0.426806702
2021-12-28 21:00:00+01:00,1.516227939,0.210498714
2021-12-28 22:00:00+01:00,10.70894385,9.766348841
2021-12-28 23:00:00+01:00,2.25806584,1.534970991
2021-12-29 00:00:00+01:00,5.332145096,1.104908402
2021-12-29 01:00:00+01:00,11.5839056,7.119895454
2021-12-29 02:00:00+01:00,2.069382098,0.24633891
2021-12-29 03:00:00+01:00,5.179782087,3.27128884
2021-12-29 04:00:00+01:00,3.333222145,3.310122476
2021-12-29 05:00:00+01:00,0.553494384,0.157377881
2021-12-29 06:00:00+01:00,4.193659361,1.808203575
2021-12-29 07:00:00+01:00,6.940246949,1.978059117
2021-12-29 08:00:00+01:00,10.91995712,8.811549487
2021-12-29 09:00:00+01:00,1.922785373,0.486992846
2021-12-29 10:00:00+01:00,8.242824232,6.645817854
2021-12-29 11:00:00+01:00,3.286380331,1.338014227
2021-12-29 12:00:00+01:00,5.326160521,4.518451766
2021-12-29 13:00:00+01:00,5.456673749,0.764118998
2021-12-29 14:00:00+01:00,8.367299871,5.885738451
2021-12-29 15:00:00+01:00,7.888133853,6.190646888
2021-12-29 16:00:00+01:00,7.259818008,2.902150367
2021-12-29 17:00:00+01:00,8.412099786,8.201290025
2021-12-29 18:00:00+01:00,2.73111281,1.034787217
2021-12-29 19:00:00+01:00,3.15484719,1.92491607
